Date,Price,Open,High,Low,Vol,Change
29.07.2020,9.577,1,9.332,9,9.577,1,9.332,9,2,61K,2,62%
28.07.2020,9.332,9,9.216,5,9.362,2,9.216,5,4,11K,1,29%
27.07.2020,9.214,0,8.510,0,9.214,0,8.510,0,6,52K,8,27%
26.07.2020,8.510,0,8.344,2,8.510,0,8.344,2,1,83K,1,99%
25.07.2020,8.344,2,8.214,3,8.344,2,8.214,3,0,83K,1,63%
24.07.2020,8.210,3,8.300,0,8.300,0,8.210,3,0,91K,-1,08%
23.07.2020,8.300,0,8.236,0,8.300,0,8.236,0,1,44K,0,75%
22.07.2020,8.238,0,8.153,1,8.238,0,8.113,3,1,11K,1,07%
21.07.2020,8.150,7,8.016,9,8.150,7,8.016,9,1,36K,1,67%
20.07.2020,8.016,9,8.060,8,8.060,8,8.016,9,0,83K,-0,54%
19.07.2020,8.060,8,8.041,3,8.060,8,8.041,3,0,44K,0,24%
18.07.2020,8.041,8,8.025,4,8.041,8,8.025,4,0,36K,0,20%
17.07.2020,8.025,4,8.023,1,8.025,4,8.015,0,0,78K,0,03%
16.07.2020,8.023,1,8.047,0,8.047,0,8.023,1,1,52K,-0,30%
15.07.2020,8.047,0,8.123,2,8.123,2,8.047,0,1,18K,-0,94%
14.07.2020,8.123,2,8.160,5,8.160,5,8.098,4,1,18K,-0,47%
13.07.2020,8.161,4,8.238,3,8.245,0,8.161,4,1,15K,-0,95%
12.07.2020,8.240,0,8.193,8,8.240,0,8.186,4,0,69K,0,54%
11.07.2020,8.191,7,8.232,6,8.232,6,8.191,7,0,53K,-0,49%
10.07.2020,8.232,0,8.191,9,8.232,0,8.177,3,0,88K,0,43%
09.07.2020,8.197,0,8.326,0,8.326,0,8.197,0,1,20K,-1,55%
08.07.2020,8.326,0,8.220,7,8.345,2,8.220,7,1,41K,1,28%
07.07.2020,8.220,7,8.242,9,8.242,9,8.219,1,0,94K,-0,31%
06.07.2020,8.246,0,8.069,2,8.246,0,8.052,9,1,54K,2,14%
05.07.2020,8.073,4,8.123,4,8.128,5,8.007,3,0,82K,-0,62%
04.07.2020,8.123,4,8.063,9,8.162,6,8.048,1,0,72K,0,75%
03.07.2020,8.063,1,8.107,9,8.148,1,8.060,0,0,96K,-0,58%
02.07.2020,8.109,8,8.217,8,8.241,8,7.991,1,1,54K,-1,31%
01.07.2020,8.217,8,8.138,8,8.269,0,8.101,9,1,08K,0,97%
30.06.2020,8.138,8,8.155,0,8.195,0,8.090,0,1,07K,-0,20%
29.06.2020,8.155,0,8.134,7,8.204,0,8.016,0,1,42K,0,20%
28.06.2020,8.138,9,8.049,9,8.199,0,7.990,3,0,86K,1,06%
27.06.2020,8.053,4,8.176,9,8.211,7,7.924,6,1,30K,-1,51%
26.06.2020,8.176,9,8.248,9,8.293,3,8.085,0,1,42K,-0,87%
25.06.2020,8.248,9,8.266,7,8.333,1,8.025,0,1,75K,-0,21%
24.06.2020,8.266,7,8.513,6,8.545,9,8.180,0,2,09K,-2,90%
23.06.2020,8.513,4,8.574,4,8.600,0,8.481,7,1,23K,-0,72%
22.06.2020,8.574,9,8.310,7,8.670,0,8.300,0,1,90K,3,18%
21.06.2020,8.310,7,8.369,2,8.410,0,8.302,0,0,56K,-0,70%
20.06.2020,8.369,2,8.331,5,8.395,0,8.219,3,0,79K,0,46%
19.06.2020,8.330,5,8.372,2,8.405,4,8.239,7,1,01K,-0,50%
18.06.2020,8.372,2,8.422,9,8.429,0,8.275,0,1,00K,-0,60%
17.06.2020,8.422,9,8.460,7,8.512,0,8.225,0,1,26K,-0,45%
16.06.2020,8.460,7,8.323,7,8.500,0,8.281,2,1,49K,1,65%
15.06.2020,8.323,7,8.297,0,8.390,1,7.917,8,3,11K,0,37%
14.06.2020,8.292,7,8.412,8,8.417,0,8.225,0,0,83K,-1,43%
13.06.2020,8.412,8,8.413,1,8.431,9,8.314,0,0,57K,-0,00%
12.06.2020,8.413,1,8.216,2,8.460,0,8.190,0,1,58K,2,40%
11.06.2020,8.216,2,8.708,3,8.750,0,8.029,3,4,17K,-5,65%
10.06.2020,8.708,3,8.630,0,8.764,2,8.558,7,1,90K,0,91%
09.06.2020,8.629,5,8.658,1,8.729,0,8.486,0,1,60K,-0,33%
08.06.2020,8.658,1,8.616,5,8.680,0,8.535,0,1,15K,0,48%
07.06.2020,8.616,5,8.578,7,8.684,0,8.343,0,1,58K,0,44%
06.06.2020,8.578,7,8.542,5,8.634,6,8.471,0,0,89K,0,46%
05.06.2020,8.539,1,8.648,0,8.703,0,8.502,0,1,73K,-1,25%
04.06.2020,8.647,5,8.601,0,8.718,0,8.464,8,2,15K,0,54%
03.06.2020,8.600,9,8.522,4,8.635,3,8.406,8,1,96K,0,85%
02.06.2020,8.528,8,9.046,7,9.121,9,8.312,0,5,74K,-5,63%
01.06.2020,9.037,2,8.505,2,9.200,0,8.479,3,2,87K,6,25%
31.05.2020,8.505,2,8.699,8,8.701,8,8.450,0,1,02K,-2,24%
30.05.2020,8.699,6,8.501,6,8.729,8,8.416,9,1,47K,2,33%
29.05.2020,8.501,6,8.628,6,8.657,0,8.392,6,1,65K,-1,47%
28.05.2020,8.628,1,8.355,6,8.669,0,8.280,9,2,36K,3,26%
27.05.2020,8.355,6,8.069,5,8.419,0,8.053,5,2,45K,3,55%
26.05.2020,8.069,5,8.165,6,8.256,8,7.936,1,1,92K,-1,18%
25.05.2020,8.166,0,7.998,5,8.250,0,7.928,0,2,46K,2,11%
24.05.2020,7.997,4,8.420,2,8.530,0,7.981,5,2,44K,-5,07%
23.05.2020,8.424,4,8.418,6,8.537,0,8.347,0,1,17K,0,07%
22.05.2020,8.418,6,8.280,7,8.510,0,8.188,1,2,27K,1,66%
21.05.2020,8.280,7,8.683,9,8.735,3,8.039,2,4,54K,-4,64%
20.05.2020,8.683,9,8.952,0,8.998,2,8.547,9,2,86K,-2,99%
19.05.2020,8.952,0,8.912,1,9.030,0,8.695,0,2,28K,0,42%
18.05.2020,8.914,4,8.926,2,9.128,0,8.750,0,2,73K,-0,13%
17.05.2020,8.926,2,8.687,4,9.076,3,8.637,2,2,35K,2,75%
16.05.2020,8.687,4,8.610,1,8.850,7,8.525,0,1,40K,0,90%
15.05.2020,8.610,1,9.043,8,9.090,0,8.452,3,4,31K,-4,80%
14.05.2020,9.043,8,8.614,3,9.200,0,8.581,4,5,75K,5,01%
13.05.2020,8.612,7,8.146,3,8.718,4,8.137,9,3,41K,5,73%
12.05.2020,8.146,3,7.941,7,8.290,0,7.913,2,2,90K,2,58%
11.05.2020,7.941,7,8.064,6,8.520,0,7.605,9,8,39K,-1,68%
10.05.2020,8.077,8,8.815,8,8.832,6,7.620,0,9,51K,-8,37%
09.05.2020,8.815,8,9.068,6,9.159,5,8.785,0,3,43K,-2,75%
08.05.2020,9.065,0,9.207,2,9.254,0,8.980,0,3,99K,-1,61%
07.05.2020,9.213,2,8.497,1,9.252,0,8.377,5,6,55K,8,43%
06.05.2020,8.497,1,8.338,3,8.720,0,8.242,7,4,44K,1,90%
05.05.2020,8.338,3,8.154,3,8.386,0,8.100,0,2,95K,2,20%
04.05.2020,8.158,5,8.142,1,8.230,0,7.815,0,3,31K,0,20%
03.05.2020,8.142,1,8.178,5,8.369,6,7.980,0,3,21K,-0,44%
02.05.2020,8.178,5,8.042,8,8.208,4,7.985,5,1,97K,1,69%
01.05.2020,8.042,8,7.894,6,8.295,0,7.891,7,3,43K,1,76%
30.04.2020,7.903,4,8.074,8,8.745,0,7.682,9,11,14K,-2,11%
29.04.2020,8.073,9,7.178,2,8.271,5,7.137,0,9,80K,12,45%
28.04.2020,7.180,0,7.202,0,7.210,0,7.107,6,1,97K,-0,38%
27.04.2020,7.207,2,7.125,7,7.213,0,7.061,6,2,34K,1,15%
26.04.2020,7.125,0,6.990,7,7.143,9,6.975,0,1,56K,1,87%
25.04.2020,6.994,5,6.948,4,7.136,6,6.891,2,1,41K,0,66%
24.04.2020,6.948,4,6.893,3,7.050,0,6.844,8,2,06K,0,59%
23.04.2020,6.907,4,6.590,0,7.120,0,6.501,0,4,08K,4,82%
22.04.2020,6.590,0,6.327,4,6.621,5,6.302,9,2,14K,4,15%
21.04.2020,6.327,4,6.305,0,6.420,8,6.271,3,2,09K,0,32%
20.04.2020,6.307,0,6.564,0,6.647,1,6.247,6,2,98K,-3,97%
19.04.2020,6.567,5,6.674,2,6.691,2,6.520,0,1,29K,-1,60%
18.04.2020,6.674,2,6.483,5,6.715,0,6.468,0,1,58K,2,93%
17.04.2020,6.484,4,6.536,9,6.600,0,6.449,1,1,84K,-0,80%
16.04.2020,6.536,9,6.081,4,6.632,9,5.953,6,3,89K,7,49%
15.04.2020,6.081,4,6.269,2,6.328,3,6.065,0,2,02K,-3,09%
14.04.2020,6.275,4,6.284,3,6.389,6,6.214,0,2,01K,-0,23%
13.04.2020,6.289,9,6.326,8,6.332,0,6.050,0,2,66K,-0,70%
12.04.2020,6.334,3,6.310,4,6.607,0,6.226,0,1,82K,0,38%
11.04.2020,6.310,4,6.291,0,6.370,0,6.206,8,1,05K,0,20%
10.04.2020,6.298,0,6.685,5,6.698,5,6.169,4,3,21K,-5,81%
09.04.2020,6.686,6,6.792,4,6.795,7,6.566,0,1,77K,-1,56%
08.04.2020,6.792,4,6.610,2,6.833,9,6.580,4,1,90K,2,76%
07.04.2020,6.610,2,6.798,9,6.907,8,6.500,0,3,90K,-2,78%
06.04.2020,6.799,0,6.287,4,6.818,0,6.271,5,4,29K,8,14%
05.04.2020,6.287,4,6.369,4,6.396,4,6.205,1,1,27K,-1,27%
04.04.2020,6.368,3,6.246,7,6.480,0,6.180,0,1,84K,1,95%
03.04.2020,6.246,7,6.233,8,6.524,9,6.139,9,3,23K,0,21%
02.04.2020,6.233,8,6.081,4,6.650,0,6.013,1,5,61K,2,62%
01.04.2020,6.074,6,5.841,0,6.134,4,5.650,0,2,59K,4,00%
31.03.2020,5.841,0,5.808,2,5.946,2,5.805,5,2,03K,0,60%
30.03.2020,5.805,9,5.285,0,5.998,0,5.276,0,3,45K,9,87%
29.03.2020,5.284,5,5.626,9,5.650,0,5.284,5,2,46K,-6,18%
28.03.2020,5.632,6,5.749,0,5.749,0,5.432,9,4,44K,-2,07%
27.03.2020,5.751,4,6.136,8,6.230,0,5.667,5,2,57K,-6,28%
26.03.2020,6.136,8,6.165,6,6.248,4,5.968,0,2,74K,-0,47%
25.03.2020,6.165,6,6.275,0,6.463,0,6.020,9,4,71K,-1,82%
24.03.2020,6.280,1,6.038,2,6.355,0,5.926,3,5,75K,3,86%
23.03.2020,6.046,5,5.469,4,6.148,0,5.350,0,5,67K,10,55%
22.03.2020,5.469,4,5.819,7,6.006,6,5.406,1,3,27K,-6,02%
21.03.2020,5.819,7,5.821,5,6.074,8,5.500,0,3,28K,-0,03%
20.03.2020,5.821,5,5.831,1,6.500,0,5.250,0,10,69K,-0,16%
19.03.2020,5.831,1,4.954,8,6.071,9,4.850,0,10,38K,17,78%
18.03.2020,4.950,7,4.863,4,5.000,0,4.592,7,5,55K,1,45%
17.03.2020,4.880,0,4.528,1,5.075,0,4.428,0,6,44K,7,78%
16.03.2020,4.528,0,4.827,0,4.848,3,4.024,0,11,10K,-6,19%
15.03.2020,4.826,6,4.707,3,5.395,0,4.638,1,4,35K,2,54%
14.03.2020,4.707,3,5.149,0,5.149,0,4.571,9,3,83K,-8,58%
13.03.2020,5.149,0,4.424,9,5.638,3,3.589,0,19,56K,16,36%
12.03.2020,4.424,9,7.069,7,7.069,7,4.250,0,11,32K,-37,41%
11.03.2020,7.069,7,6.971,6,7.093,5,6.724,4,2,26K,1,41%
10.03.2020,6.971,6,6.933,2,7.200,0,6.814,1,3,21K,0,55%
09.03.2020,6.933,2,7.078,3,7.216,4,6.558,0,4,83K,-2,06%
08.03.2020,7.079,0,7.894,4,7.894,4,7.044,0,2,91K,-10,33%
07.03.2020,7.894,3,8.118,7,8.166,5,7.855,1,0,88K,-2,78%
06.03.2020,8.120,0,8.095,6,8.160,0,7.993,4,1,12K,0,18%
05.03.2020,8.105,1,7.880,2,8.215,0,7.879,8,2,22K,2,85%
04.03.2020,7.880,1,7.846,0,7.933,5,7.813,6,1,03K,0,43%
03.03.2020,7.846,0,8.026,6,8.038,9,7.760,6,1,56K,-2,23%
02.03.2020,8.024,7,7.720,5,8.084,1,7.688,3,1,91K,3,89%
01.03.2020,7.724,0,7.755,0,7.947,0,7.636,0,1,03K,-0,40%
29.02.2020,7.755,0,7.886,1,7.986,9,7.755,0,0,79K,-1,68%
28.02.2020,7.887,4,8.023,9,8.112,3,7.676,0,2,33K,-1,76%
27.02.2020,8.028,6,8.071,8,8.193,3,7.840,0,2,65K,-0,60%
26.02.2020,8.077,1,8.561,0,8.628,8,7.925,9,3,57K,-5,64%
25.02.2020,8.560,0,8.918,6,8.950,9,8.505,0,1,57K,-3,99%
24.02.2020,8.916,1,9.183,8,9.227,3,8.742,1,1,23K,-2,98%
23.02.2020,9.190,4,8.922,0,9.235,0,8.913,9,1,05K,3,01%
22.02.2020,8.922,0,8.951,7,8.977,5,8.846,0,0,36K,-0,33%
21.02.2020,8.951,7,8.911,2,9.069,0,8.842,4,1,15K,0,45%
20.02.2020,8.911,4,8.900,0,9.000,0,8.753,3,1,79K,0,05%
19.02.2020,8.906,6,9.448,7,9.540,0,8.655,1,2,32K,-5,72%
18.02.2020,9.447,0,8.984,4,9.530,0,8.915,2,2,65K,5,15%
17.02.2020,8.984,4,9.149,2,9.196,4,8.734,7,2,22K,-1,80%
16.02.2020,9.149,2,9.158,7,9.301,6,8.842,3,1,36K,-0,12%
15.02.2020,9.160,0,9.574,7,9.597,0,9.070,0,1,49K,-4,35%
14.02.2020,9.577,0,9.457,5,9.590,0,9.340,0,1,26K,1,26%
13.02.2020,9.458,3,9.532,6,9.700,0,9.284,8,2,25K,-0,75%
12.02.2020,9.529,4,9.419,9,9.619,9,9.400,0,1,80K,1,16%
11.02.2020,9.419,9,9.028,9,9.483,7,8.905,0,2,27K,4,23%
10.02.2020,9.038,0,9.283,7,9.316,7,8.914,6,2,23K,-2,65%
09.02.2020,9.283,7,9.065,7,9.297,8,9.033,8,1,41K,2,43%
08.02.2020,9.063,0,8.962,7,9.085,0,8.835,0,0,91K,1,10%
07.02.2020,8.964,2,8.902,1,9.023,3,8.871,2,1,34K,0,71%
06.02.2020,8.900,7,8.741,7,8.970,0,8.670,0,1,65K,1,85%
05.02.2020,8.739,4,8.299,9,8.880,0,8.285,7,2,38K,5,30%
04.02.2020,8.299,5,8.402,4,8.450,0,8.217,0,1,45K,-1,22%
03.02.2020,8.402,4,8.421,7,8.668,7,8.338,0,1,39K,-0,12%
02.02.2020,8.412,5,8.454,0,8.538,0,8.260,0,0,85K,-0,49%
01.02.2020,8.454,1,8.411,6,8.524,8,8.375,2,0,78K,0,52%
31.01.2020,8.410,7,8.616,6,8.640,0,8.321,0,1,36K,-2,46%
30.01.2020,8.622,8,8.431,0,8.679,0,8.334,9,1,67K,2,24%
29.01.2020,8.433,9,8.510,0,8.584,4,8.371,0,1,95K,-0,84%
28.01.2020,8.505,5,8.067,9,8.530,6,8.067,7,2,73K,5,34%
27.01.2020,8.074,3,7.801,0,8.149,0,7.756,1,1,98K,3,53%
26.01.2020,7.798,9,7.568,6,7.800,0,7.527,2,0,79K,3,04%
25.01.2020,7.568,6,7.651,9,7.657,0,7.502,2,0,48K,-1,10%
24.01.2020,7.652,6,7.601,0,7.720,8,7.457,8,1,13K,0,67%
23.01.2020,7.601,6,7.826,4,7.830,0,7.480,0,1,46K,-2,87%
22.01.2020,7.826,4,7.878,7,7.940,0,7.740,0,0,80K,-0,66%
21.01.2020,7.878,0,7.784,9,7.916,4,7.633,0,1,18K,1,23%
20.01.2020,7.782,0,7.860,3,7.880,9,7.684,0,1,61K,-1,00%
19.01.2020,7.860,3,8.040,0,8.277,8,7.636,3,2,06K,-2,24%
18.01.2020,8.040,0,8.028,8,8.091,4,7.951,6,0,62K,0,14%
17.01.2020,8.028,8,7.830,0,8.111,0,7.784,4,1,93K,2,54%
16.01.2020,7.830,0,7.898,9,7.930,0,7.701,2,1,39K,-0,97%
15.01.2020,7.906,6,7.926,9,7.990,3,7.700,0,2,00K,-0,54%
14.01.2020,7.949,5,7.290,0,7.982,0,7.290,0,3,72K,9,05%
13.01.2020,7.290,0,7.360,4,7.375,0,7.242,0,0,74K,-0,95%
12.01.2020,7.359,9,7.216,8,7.372,6,7.168,1,0,60K,1,98%
11.01.2020,7.216,8,7.369,6,7.448,0,7.200,8,1,12K,-2,07%
10.01.2020,7.369,6,7.045,5,7.371,5,6.921,0,1,84K,4,58%
09.01.2020,7.047,0,7.240,7,7.244,6,6.985,0,1,36K,-2,67%
08.01.2020,7.240,4,7.316,3,7.590,0,7.059,1,3,21K,-1,17%
07.01.2020,7.326,5,6.935,7,7.377,7,6.935,7,3,10K,5,63%
06.01.2020,6.935,7,6.589,9,6.975,0,6.582,7,1,61K,5,15%
05.01.2020,6.596,2,6.590,0,6.700,0,6.557,0,0,94K,0,08%
04.01.2020,6.591,0,6.571,0,6.629,0,6.518,1,0,66K,0,29%
03.01.2020,6.572,0,6.225,1,6.624,0,6.147,0,1,56K,5,65%
02.01.2020,6.220,6,6.410,2,6.413,0,6.191,6,1,21K,-2,96%
01.01.2020,6.410,2,6.405,0,6.471,4,6.388,9,0,49K,0,08%
31.12.2019,6.405,0,6.473,3,6.530,0,6.337,6,1,05K,-1,06%
30.12.2019,6.473,3,6.609,8,6.614,8,6.440,0,1,04K,-2,14%
29.12.2019,6.614,8,6.541,8,6.730,0,6.521,8,0,70K,1,02%
28.12.2019,6.547,8,6.492,5,6.588,0,6.478,4,0,54K,0,84%
27.12.2019,6.493,2,6.486,0,6.504,3,6.354,8,0,99K,0,06%
26.12.2019,6.489,3,6.492,2,6.692,8,6.450,0,0,70K,-0,04%
25.12.2019,6.492,2,6.544,2,6.559,1,6.420,0,0,72K,-0,88%
24.12.2019,6.550,0,6.601,8,6.713,4,6.460,4,0,95K,-0,80%
23.12.2019,6.603,0,6.788,1,6.943,1,6.555,0,1,66K,-2,62%
22.12.2019,6.780,5,6.451,5,6.794,0,6.440,0,1,21K,5,02%
21.12.2019,6.456,5,6.495,7,6.497,1,6.426,6,0,43K,-0,55%
20.12.2019,6.492,5,6.429,5,6.525,0,6.375,0,1,13K,0,97%
19.12.2019,6.430,2,6.559,7,6.639,7,6.320,0,1,33K,-1,93%
18.12.2019,6.556,7,5.941,2,6.715,0,5.810,0,3,10K,10,25%
17.12.2019,5.947,0,6.176,5,6.220,0,5.902,7,2,01K,-3,77%
16.12.2019,6.179,9,6.397,7,6.406,0,6.134,5,1,70K,-3,40%
15.12.2019,6.397,7,6.361,0,6.472,8,6.312,6,0,63K,0,49%
14.12.2019,6.366,5,6.524,0,6.539,2,6.311,0,0,73K,-2,38%
13.12.2019,6.521,5,6.433,2,6.563,2,6.431,4,0,88K,1,37%
12.12.2019,6.433,4,6.473,9,6.550,0,6.355,5,0,97K,-0,64%
11.12.2019,6.475,1,6.522,3,6.561,7,6.440,0,0,83K,-0,72%
10.12.2019,6.522,3,6.631,4,6.689,7,6.471,0,0,90K,-1,75%
09.12.2019,6.638,6,6.810,5,6.907,9,6.582,0,1,45K,-2,51%
08.12.2019,6.809,5,6.787,7,6.864,7,6.690,0,0,45K,0,24%
07.12.2019,6.793,1,6.825,0,6.890,2,6.770,1,0,49K,-0,58%
06.12.2019,6.832,5,6.668,1,6.890,0,6.593,0,1,15K,2,47%
05.12.2019,6.668,1,6.497,5,6.750,0,6.465,0,1,29K,2,63%
04.12.2019,6.497,5,6.592,6,7.028,0,6.402,0,2,38K,-1,44%
03.12.2019,6.592,3,6.600,0,6.687,9,6.532,3,0,81K,-0,12%
02.12.2019,6.600,0,6.734,2,6.741,9,6.514,0,1,27K,-1,99%
01.12.2019,6.734,2,6.869,7,6.877,7,6.589,0,1,02K,-2,03%
30.11.2019,6.874,1,7.043,4,7.119,0,6.779,1,0,97K,-2,46%
29.11.2019,7.047,7,6.760,0,7.145,9,6.751,7,1,42K,4,22%
28.11.2019,6.762,1,6.846,5,6.968,1,6.690,0,1,64K,-1,26%
27.11.2019,6.848,2,6.516,2,6.986,9,6.230,0,2,96K,5,19%
26.11.2019,6.510,2,6.472,7,6.679,8,6.381,0,1,31K,0,44%
25.11.2019,6.481,5,6.280,0,6.725,1,5.929,8,3,38K,3,04%
24.11.2019,6.290,3,6.662,5,6.682,2,6.245,1,1,27K,-5,59%
23.11.2019,6.663,1,6.619,3,6.691,2,6.460,3,0,86K,0,53%
22.11.2019,6.628,2,6.896,8,7.010,0,6.153,0,4,83K,-3,82%
21.11.2019,6.891,2,7.293,6,7.330,0,6.700,0,2,42K,-5,52%
20.11.2019,7.293,6,7.333,7,7.457,1,7.265,1,1,03K,-0,55%
19.11.2019,7.333,7,7.390,0,7.421,6,7.231,0,1,11K,-0,76%
18.11.2019,7.390,0,7.703,4,7.703,4,7.270,0,1,48K,-4,02%
17.11.2019,7.699,7,7.683,7,7.830,0,7.581,1,0,53K,0,21%
16.11.2019,7.683,7,7.657,1,7.730,0,7.631,5,0,36K,0,27%
15.11.2019,7.662,9,7.837,8,7.964,0,7.610,0,1,44K,-2,26%
14.11.2019,7.839,8,7.967,8,7.985,0,7.770,0,0,93K,-1,61%
13.11.2019,7.967,8,8.003,0,8.028,5,7.921,0,0,55K,-0,44%
12.11.2019,8.003,0,7.917,0,8.066,0,7.789,0,1,09K,1,16%
11.11.2019,7.911,0,8.199,6,8.237,3,7.809,9,1,13K,-3,51%
10.11.2019,8.198,7,8.003,4,8.293,3,7.960,0,0,73K,2,44%
09.11.2019,8.003,3,7.968,0,8.065,7,7.927,9,0,41K,0,42%
08.11.2019,7.970,2,8.327,4,8.369,7,7.865,0,1,83K,-4,30%
07.11.2019,8.328,5,8.450,1,8.470,0,8.218,7,0,81K,-1,43%
06.11.2019,8.448,9,8.420,1,8.524,0,8.380,0,0,64K,0,36%
05.11.2019,8.418,4,8.459,9,8.525,0,8.248,8,0,97K,-0,49%
04.11.2019,8.459,9,8.245,3,8.605,0,8.180,0,1,02K,2,51%
03.11.2019,8.253,0,8.342,7,8.400,0,8.150,0,0,63K,-1,07%
02.11.2019,8.342,7,8.298,5,8.426,8,8.264,0,0,53K,0,53%
01.11.2019,8.298,5,8.218,1,8.335,0,8.131,0,0,89K,0,94%
31.10.2019,8.221,5,8.220,0,8.457,8,8.032,1,1,22K,0,02%
30.10.2019,8.220,0,8.498,1,8.498,2,8.103,0,1,39K,-3,22%
29.10.2019,8.493,1,8.302,0,8.614,0,8.189,0,1,33K,2,33%
28.10.2019,8.300,0,8.580,3,8.890,4,8.278,5,1,72K,-3,27%
27.10.2019,8.580,4,8.313,9,8.826,5,8.187,0,2,40K,3,21%
26.10.2019,8.313,9,7.810,6,9.425,0,7.793,3,4,51K,6,44%
25.10.2019,7.810,6,6.700,0,7.948,8,6.675,0,3,93K,16,56%
24.10.2019,6.700,7,6.726,5,6.770,0,6.621,0,1,02K,-0,38%
23.10.2019,6.726,5,7.219,4,7.249,3,6.600,0,2,90K,-6,83%
22.10.2019,7.219,4,7.375,3,7.468,1,7.202,0,0,87K,-2,14%
21.10.2019,7.377,3,7.381,5,7.494,8,7.324,0,0,78K,-0,12%
20.10.2019,7.386,4,7.126,3,7.450,0,7.070,0,0,78K,3,67%
19.10.2019,7.125,1,7.124,5,7.253,9,7.045,0,0,55K,-0,06%
18.10.2019,7.129,3,7.269,1,7.298,9,7.031,5,0,93K,-1,92%
17.10.2019,7.269,1,7.228,6,7.311,4,7.170,0,0,94K,0,56%
16.10.2019,7.228,6,7.400,3,7.421,3,7.165,2,0,91K,-2,32%
15.10.2019,7.400,3,7.579,1,7.629,5,7.347,0,0,82K,-2,36%
14.10.2019,7.579,1,7.525,5,7.630,0,7.470,0,0,57K,0,69%
13.10.2019,7.527,0,7.539,2,7.685,0,7.378,1,0,63K,-0,16%
12.10.2019,7.539,2,7.500,0,7.629,0,7.490,3,0,31K,0,52%
11.10.2019,7.500,0,7.815,6,8.024,3,7.461,1,1,14K,-4,04%
10.10.2019,7.815,6,7.831,0,7.869,4,7.675,0,0,95K,-0,23%
09.10.2019,7.834,0,7.470,3,7.920,0,7.414,0,1,69K,4,73%
08.10.2019,7.480,0,7.489,5,7.599,0,7.391,0,0,82K,-0,18%
07.10.2019,7.493,3,7.168,3,7.570,0,7.100,5,1,41K,4,53%
06.10.2019,7.168,3,7.422,5,7.448,9,7.121,6,0,98K,-3,50%
05.10.2019,7.428,4,7.430,0,7.460,0,7.319,0,0,43K,-0,01%
04.10.2019,7.429,4,7.520,0,7.520,0,7.320,0,0,71K,-1,21%
03.10.2019,7.520,0,7.648,6,7.689,4,7.361,0,0,99K,-1,69%
02.10.2019,7.649,0,7.631,6,7.669,0,7.489,0,1,32K,0,07%
01.10.2019,7.643,4,7.637,8,7.859,0,7.538,7,1,90K,0,07%
30.09.2019,7.637,8,7.380,3,7.680,0,7.067,1,2,11K,3,49%
29.09.2019,7.380,3,7.513,5,7.535,5,7.235,0,0,88K,-1,94%
28.09.2019,7.526,3,7.489,9,7.625,0,7.343,6,0,85K,0,42%
27.09.2019,7.495,1,7.381,4,7.575,8,7.175,9,1,83K,1,59%
26.09.2019,7.377,5,7.722,1,7.768,0,7.089,0,3,70K,-4,49%
25.09.2019,7.724,2,7.815,3,7.998,8,7.485,0,3,10K,-1,17%
24.09.2019,7.815,3,8.821,7,8.918,3,7.500,0,7,22K,-11,40%
23.09.2019,8.821,1,9.122,0,9.130,4,8.759,0,1,45K,-3,31%
22.09.2019,9.123,0,9.065,8,9.161,2,8.957,0,0,48K,0,61%
21.09.2019,9.068,0,9.236,7,9.241,7,9.020,0,0,42K,-1,85%
20.09.2019,9.239,3,9.304,3,9.339,9,9.135,0,0,70K,-0,70%
19.09.2019,9.304,3,9.218,4,9.433,7,8.750,0,2,72K,0,97%
18.09.2019,9.214,6,9.217,1,9.270,0,9.149,3,0,80K,-0,03%
17.09.2019,9.217,2,9.330,0,9.332,9,9.210,0,1,03K,-1,24%
16.09.2019,9.332,9,9.299,6,9.450,0,9.174,0,1,04K,0,35%
15.09.2019,9.300,0,9.354,8,9.369,8,9.288,0,0,35K,-0,56%
14.09.2019,9.352,5,9.350,9,9.410,0,9.217,2,0,45K,0,02%
13.09.2019,9.350,8,9.444,8,9.449,0,9.181,1,0,94K,-0,99%
12.09.2019,9.444,8,9.226,8,9.460,7,9.130,0,1,25K,2,28%
11.09.2019,9.234,6,9.146,6,9.300,0,8.931,0,1,08K,1,04%
10.09.2019,9.139,7,9.332,3,9.407,0,9.003,0,1,29K,-2,18%
09.09.2019,9.343,8,9.449,9,9.538,4,9.141,0,1,23K,-1,12%
08.09.2019,9.450,0,9.508,8,9.605,0,9.304,0,0,56K,-0,64%
07.09.2019,9.511,3,9.360,0,9.586,0,9.349,4,0,56K,1,62%
06.09.2019,9.360,0,9.586,1,9.900,0,9.260,0,2,23K,-2,40%
05.09.2019,9.590,0,9.585,6,9.645,0,9.459,0,0,81K,0,05%
04.09.2019,9.585,6,9.685,4,9.800,0,9.420,0,1,67K,-1,03%
03.09.2019,9.685,4,9.475,0,9.838,3,9.380,0,2,32K,2,22%
02.09.2019,9.475,0,8.900,0,9.547,9,8.886,3,2,24K,6,48%
01.09.2019,8.898,0,8.742,9,8.967,2,8.701,0,0,56K,1,84%
31.08.2019,8.737,3,8.729,7,8.820,0,8.618,0,0,49K,0,06%
30.08.2019,8.732,0,8.586,2,8.838,8,8.476,3,1,34K,1,70%
29.08.2019,8.586,2,8.787,0,8.787,0,8.436,0,2,03K,-2,29%
28.08.2019,8.787,0,9.185,9,9.289,0,8.601,0,2,26K,-4,34%
27.08.2019,9.185,9,9.336,5,9.348,0,9.040,0,0,90K,-1,64%
26.08.2019,9.338,7,9.122,4,9.572,6,9.107,4,1,28K,2,37%
25.08.2019,9.122,4,9.100,3,9.286,5,8.922,1,0,70K,0,15%
24.08.2019,9.108,5,9.343,6,9.364,3,8.900,0,0,96K,-2,52%
23.08.2019,9.343,6,9.132,9,9.437,5,9.056,6,1,04K,2,31%
22.08.2019,9.132,9,9.134,9,9.247,9,8.822,0,1,11K,-0,02%
21.08.2019,9.134,8,9.703,9,9.747,1,8.889,0,2,19K,-5,83%
20.08.2019,9.700,0,9.862,3,9.902,3,9.531,0,1,21K,-1,65%
19.08.2019,9.862,3,9.319,2,9.867,5,9.266,0,1,70K,5,83%
18.08.2019,9.319,2,9.211,6,9.475,0,9.090,2,0,84K,1,17%
17.08.2019,9.211,6,9.349,8,9.449,0,9.026,8,0,89K,-1,48%
16.08.2019,9.349,8,9.282,2,9.518,9,8.767,0,2,60K,0,67%
15.08.2019,9.287,8,8.998,5,9.424,7,8.516,6,4,06K,3,14%
14.08.2019,9.005,0,9.725,1,9.732,0,8.907,3,2,99K,-7,40%
13.08.2019,9.725,1,10.156,0,10.204,1,9.618,4,2,06K,-4,24%
12.08.2019,10.156,0,10.306,0,10.314,5,10.051,0,0,65K,-1,67%
11.08.2019,10.328,9,10.090,9,10.350,0,9.905,0,0,94K,2,35%
10.08.2019,10.092,0,10.593,5,10.689,0,10.025,0,1,74K,-4,64%
09.08.2019,10.582,5,10.720,8,10.760,4,10.420,2,1,44K,-1,18%
08.08.2019,10.708,7,10.658,1,10.780,0,10.251,5,1,90K,0,53%
07.08.2019,10.652,5,10.220,0,10.811,6,10.127,1,3,33K,4,29%
06.08.2019,10.214,4,10.486,2,10.980,0,9.955,0,3,82K,-2,64%
05.08.2019,10.490,9,9.858,2,10.650,0,9.858,2,3,21K,6,39%
04.08.2019,9.860,8,9.729,5,9.947,1,9.500,0,1,42K,1,33%
03.08.2019,9.731,5,9.462,0,9.800,0,9.450,4,1,39K,2,76%
02.08.2019,9.469,8,9.377,3,9.605,0,9.291,5,2,14K,0,99%
01.08.2019,9.377,3,9.097,8,9.443,9,8.942,0,2,05K,3,07%
31.07.2019,9.097,8,8.585,0,9.098,2,8.572,3,2,12K,5,97%
30.07.2019,8.585,0,8.538,2,8.743,0,8.430,0,1,35K,0,55%
29.07.2019,8.538,2,8.574,6,8.734,7,8.425,1,1,01K,-0,42%
28.07.2019,8.574,6,8.521,0,8.669,3,8.213,7,0,89K,0,63%
27.07.2019,8.521,0,8.854,9,9.200,0,8.400,0,1,79K,-3,77%
26.07.2019,8.854,9,8.881,6,8.924,0,8.685,5,0,89K,-0,30%
25.07.2019,8.881,4,8.770,4,9.141,5,8.740,1,1,64K,1,27%
24.07.2019,8.770,4,8.838,6,8.921,6,8.551,0,2,06K,-0,77%
23.07.2019,8.838,6,9.222,8,9.222,8,8.814,1,2,22K,-4,17%
22.07.2019,9.222,8,9.444,6,9.541,4,9.000,0,1,93K,-2,35%
21.07.2019,9.444,6,9.602,3,9.675,5,9.210,0,1,15K,-1,64%
20.07.2019,9.602,3,9.390,0,9.918,9,9.258,1,1,69K,2,26%
19.07.2019,9.390,0,9.450,0,9.555,0,9.010,0,2,22K,-0,63%
18.07.2019,9.450,0,8.643,3,9.579,0,8.301,0,4,33K,9,33%
17.07.2019,8.643,3,8.396,8,8.918,7,8.102,0,4,18K,2,94%
16.07.2019,8.396,8,9.653,7,9.808,1,8.369,1,4,66K,-13,02%
15.07.2019,9.653,7,9.061,0,9.850,5,8.780,0,3,78K,6,54%
14.07.2019,9.061,0,10.120,4,10.179,0,8.999,0,3,02K,-10,47%
13.07.2019,10.120,4,10.486,6,10.518,3,9.608,2,1,85K,-3,49%
12.07.2019,10.486,6,10.100,0,10.600,0,9.852,0,2,05K,3,83%
11.07.2019,10.100,0,10.768,3,10.768,3,9.777,7,4,30K,-6,21%
10.07.2019,10.768,4,11.216,9,11.700,0,10.271,1,5,25K,-4,00%
09.07.2019,11.216,9,10.963,6,11.442,8,10.781,3,3,82K,2,31%
08.07.2019,10.963,6,10.236,4,11.049,4,10.111,0,2,93K,7,10%
07.07.2019,10.236,4,10.022,8,10.343,4,9.905,0,1,32K,2,13%
06.07.2019,10.022,8,9.800,8,10.435,0,9.800,8,1,69K,2,27%
05.07.2019,9.800,8,9.913,1,10.211,2,9.570,5,2,69K,-1,13%
04.07.2019,9.913,1,10.605,0,10.682,8,9.813,1,2,90K,-6,52%
03.07.2019,10.605,0,9.594,2,10.635,7,9.594,2,4,90K,10,54%
02.07.2019,9.594,2,9.345,0,9.700,0,8.544,9,5,73K,2,67%
01.07.2019,9.345,0,9.466,8,9.890,5,8.784,5,5,01K,-1,42%
30.06.2019,9.479,9,10.429,3,10.690,0,9.401,1,3,18K,-9,10%
29.06.2019,10.429,3,10.890,0,10.890,0,10.000,0,2,59K,-4,23%
28.06.2019,10.890,0,9.760,5,10.945,0,9.426,0,5,27K,11,57%
27.06.2019,9.760,5,11.338,0,11.654,8,8.890,0,10,92K,-13,91%
26.06.2019,11.338,0,10.337,8,12.193,0,10.000,0,11,08K,9,76%
25.06.2019,10.330,0,9.679,0,10.340,0,9.655,5,4,96K,6,73%
24.06.2019,9.679,0,9.457,0,9.745,7,9.270,0,2,28K,2,35%
23.06.2019,9.457,0,9.314,9,9.879,6,9.160,0,2,25K,1,53%
22.06.2019,9.314,9,8.992,3,9.879,3,8.874,5,5,30K,3,59%
21.06.2019,8.992,3,8.445,3,9.000,0,8.438,2,2,54K,6,48%
20.06.2019,8.445,3,8.273,7,8.500,0,8.164,0,1,66K,2,07%
19.06.2019,8.273,7,8.108,7,8.300,0,8.069,3,1,25K,2,04%
18.06.2019,8.108,7,8.321,6,8.333,5,7.997,0,2,10K,-2,56%
17.06.2019,8.321,6,7.993,5,8.440,0,7.990,3,2,54K,4,22%
16.06.2019,7.984,5,7.860,0,8.216,0,7.670,0,2,75K,1,58%
15.06.2019,7.860,0,7.758,4,7.900,0,7.640,0,1,47K,1,31%
14.06.2019,7.758,4,7.315,8,7.791,8,7.262,9,1,74K,6,05%
13.06.2019,7.315,8,7.245,0,7.396,8,7.149,0,1,28K,0,98%
12.06.2019,7.245,0,6.986,8,7.327,0,6.915,0,1,68K,3,69%
11.06.2019,6.986,9,7.093,8,7.119,0,6.829,0,1,12K,-1,51%
10.06.2019,7.093,8,6.789,0,7.160,0,6.659,5,1,36K,4,49%
09.06.2019,6.789,0,7.006,0,7.034,3,6.685,9,0,83K,-3,10%
08.06.2019,7.006,0,7.071,6,7.122,4,6.875,0,0,55K,-0,93%
07.06.2019,7.071,6,6.923,6,7.190,0,6.890,3,1,51K,2,14%
06.06.2019,6.923,6,6.944,0,7.010,0,6.615,0,1,52K,-0,31%
05.06.2019,6.945,0,6.817,4,7.071,2,6.751,6,1,80K,1,87%
04.06.2019,6.817,4,7.231,9,7.231,9,6.611,0,4,05K,-5,84%
03.06.2019,7.240,0,7.839,0,7.842,2,7.176,1,1,92K,-7,65%
02.06.2019,7.839,5,7.661,1,7.898,8,7.661,1,0,91K,2,33%
01.06.2019,7.661,1,7.675,0,7.725,0,7.577,6,0,78K,-0,18%
31.05.2019,7.675,0,7.468,0,7.700,0,7.318,2,1,86K,2,74%
30.05.2019,7.470,0,7.792,6,8.187,0,7.201,0,3,81K,-4,14%
29.05.2019,7.792,6,7.824,2,7.870,0,7.539,0,1,75K,-0,40%
28.05.2019,7.824,2,7.834,5,7.885,1,7.622,2,1,80K,-0,13%
27.05.2019,7.834,5,7.782,8,7.978,0,7.707,5,2,80K,0,67%
26.05.2019,7.782,8,7.206,9,7.870,6,7.057,0,3,36K,7,99%
25.05.2019,7.206,9,7.135,0,7.250,0,7.100,0,0,73K,1,01%
24.05.2019,7.135,0,7.047,3,7.288,8,6.990,6,1,90K,1,24%
23.05.2019,7.047,3,6.850,0,7.141,8,6.725,0,1,93K,2,88%
22.05.2019,6.850,0,7.129,7,7.200,0,6.747,6,2,02K,-3,92%
21.05.2019,7.129,7,7.164,1,7.274,8,7.030,0,1,52K,-0,48%
20.05.2019,7.164,1,7.348,3,7.348,3,6.810,0,2,99K,-2,44%
19.05.2019,7.343,1,6.540,0,7.437,1,6.522,1,2,87K,12,28%
18.05.2019,6.540,0,6.607,4,6.749,0,6.474,8,1,29K,-1,02%
17.05.2019,6.607,4,7.055,0,7.098,0,6.000,0,5,98K,-6,34%
16.05.2019,7.055,0,7.326,3,7.468,4,6.862,0,3,42K,-3,51%
15.05.2019,7.311,8,7.124,5,7.394,3,7.000,3,3,27K,2,63%
14.05.2019,7.124,5,6.963,2,7.440,0,6.810,0,5,41K,2,32%
13.05.2019,6.963,2,6.203,0,7.312,6,6.108,7,6,07K,12,26%
12.05.2019,6.203,0,6.320,0,6.765,5,5.858,0,5,63K,-1,85%
11.05.2019,6.320,0,5.651,3,6.553,2,5.650,0,4,13K,11,83%
10.05.2019,5.651,3,5.482,0,5.722,1,5.427,4,2,43K,3,09%
09.05.2019,5.482,0,5.302,0,5.520,5,5.297,5,2,13K,3,39%
08.05.2019,5.302,0,5.147,3,5.341,7,5.080,0,1,56K,3,01%
07.05.2019,5.147,3,5.080,9,5.329,0,5.080,9,2,09K,1,31%
06.05.2019,5.080,9,5.110,9,5.135,6,4.988,1,1,06K,-0,59%
05.05.2019,5.110,9,5.160,8,5.169,0,5.031,0,0,75K,-0,97%
04.05.2019,5.160,8,5.048,0,5.186,0,4.925,0,1,51K,2,23%
03.05.2019,5.048,0,4.830,0,5.185,0,4.810,1,3,02K,4,51%
02.05.2019,4.830,0,4.746,6,4.858,0,4.735,4,1,19K,1,64%
01.05.2019,4.751,9,4.704,0,4.760,0,4.703,0,0,65K,1,02%
30.04.2019,4.703,9,4.601,8,4.726,2,4.582,3,1,03K,2,22%
29.04.2019,4.601,8,4.633,0,4.650,0,4.553,3,1,07K,-0,67%
28.04.2019,4.633,0,4.653,7,4.695,6,4.587,3,0,55K,-0,45%
27.04.2019,4.653,7,4.629,2,4.688,1,4.600,0,0,78K,0,53%
26.04.2019,4.629,2,4.623,5,4.747,1,4.533,5,1,53K,0,12%
25.04.2019,4.623,5,4.885,1,4.956,7,4.500,0,1,88K,-5,35%
24.04.2019,4.885,0,4.942,1,5.025,4,4.825,2,1,72K,-1,16%
23.04.2019,4.942,1,4.789,0,5.022,1,4.776,8,2,08K,3,19%
22.04.2019,4.789,2,4.724,1,4.840,3,4.683,0,0,97K,1,38%
21.04.2019,4.724,1,4.740,0,4.759,3,4.662,2,0,46K,-0,33%
20.04.2019,4.739,7,4.706,6,4.764,3,4.688,0,0,54K,0,70%
19.04.2019,4.706,6,4.700,0,4.758,7,4.630,7,0,67K,0,15%
18.04.2019,4.699,4,4.629,3,4.737,5,4.627,0,1,15K,1,51%
17.04.2019,4.629,3,4.617,5,4.666,3,4.585,0,1,16K,0,26%
16.04.2019,4.617,5,4.463,8,4.630,0,4.446,5,1,23K,3,44%
15.04.2019,4.463,8,4.568,0,4.590,0,4.400,0,1,42K,-2,28%
14.04.2019,4.568,0,4.492,8,4.585,8,4.461,0,0,59K,1,67%
13.04.2019,4.492,8,4.502,5,4.538,0,4.473,4,0,46K,-0,22%
12.04.2019,4.502,5,4.483,2,4.530,2,4.356,0,1,23K,0,28%
11.04.2019,4.490,0,4.728,6,4.748,0,4.408,1,2,05K,-4,89%
10.04.2019,4.721,1,4.608,9,4.856,0,4.597,0,2,04K,2,44%
09.04.2019,4.608,9,4.709,5,4.709,5,4.586,0,1,36K,-2,14%
08.04.2019,4.709,5,4.627,7,4.765,9,4.579,1,2,18K,1,61%
07.04.2019,4.635,0,4.502,2,4.684,9,4.497,8,1,06K,2,95%
06.04.2019,4.502,2,4.499,4,4.676,5,4.401,0,1,27K,0,06%
05.04.2019,4.499,4,4.371,7,4.510,0,4.357,1,1,56K,2,92%
04.04.2019,4.371,7,4.425,0,4.511,1,4.254,2,2,58K,-1,20%
03.04.2019,4.425,0,4.375,2,4.759,0,4.273,5,4,50K,1,06%
02.04.2019,4.378,7,3.701,7,4.490,0,3.698,6,5,16K,18,29%
01.04.2019,3.701,7,3.647,9,3.707,1,3.621,3,1,41K,1,48%
31.03.2019,3.647,9,3.649,4,3.658,0,3.635,6,0,67K,-0,04%
30.03.2019,3.649,4,3.653,0,3.681,0,3.620,0,0,63K,-0,10%
29.03.2019,3.653,0,3.574,6,3.655,0,3.569,0,1,54K,2,19%
28.03.2019,3.574,6,3.574,9,3.581,7,3.551,7,1,01K,-0,06%
27.03.2019,3.576,9,3.482,6,3.579,0,3.475,2,1,56K,2,71%
26.03.2019,3.482,6,3.458,1,3.485,2,3.443,9,1,02K,0,71%
25.03.2019,3.458,1,3.515,1,3.519,6,3.421,0,1,10K,-1,62%
24.03.2019,3.515,1,3.523,8,3.526,6,3.491,5,0,44K,-0,25%
23.03.2019,3.523,8,3.531,3,3.545,0,3.510,0,0,89K,-0,21%
22.03.2019,3.531,3,3.503,3,3.546,0,3.490,0,0,94K,0,80%
21.03.2019,3.503,3,3.531,0,3.561,2,3.456,9,1,39K,-0,80%
20.03.2019,3.531,5,3.525,0,3.535,0,3.505,0,1,05K,0,19%
19.03.2019,3.525,0,3.509,4,3.534,6,3.489,5,1,23K,0,44%
18.03.2019,3.509,4,3.497,4,3.540,0,3.475,2,1,18K,0,34%
17.03.2019,3.497,4,3.488,5,3.507,9,3.460,0,0,50K,0,26%
16.03.2019,3.488,5,3.443,3,3.523,1,3.440,7,0,93K,1,38%
15.03.2019,3.441,0,3.406,0,3.449,9,3.401,0,1,10K,1,00%
14.03.2019,3.406,8,3.400,5,3.435,0,3.350,0,1,66K,0,19%
13.03.2019,3.400,5,3.422,0,3.430,0,3.400,0,1,19K,-0,63%
12.03.2019,3.422,0,3.426,3,3.444,3,3.381,2,1,20K,-0,13%
11.03.2019,3.426,3,3.468,2,3.479,6,3.404,7,1,35K,-1,21%
10.03.2019,3.468,2,3.485,4,3.485,5,3.455,0,0,72K,-0,48%
09.03.2019,3.485,0,3.422,1,3.512,9,3.422,1,1,02K,1,84%
08.03.2019,3.422,1,3.447,0,3.490,0,3.367,5,1,49K,-0,68%
07.03.2019,3.445,7,3.407,1,3.464,0,3.389,9,1,58K,1,13%
06.03.2019,3.407,1,3.402,5,3.438,0,3.370,0,1,10K,0,13%
05.03.2019,3.402,5,3.270,5,3.424,9,3.264,0,1,79K,4,04%
04.03.2019,3.270,5,3.333,9,3.351,8,3.253,0,1,37K,-1,90%
03.03.2019,3.333,9,3.361,9,3.365,0,3.325,0,0,60K,-0,79%
02.03.2019,3.360,6,3.358,0,3.365,0,3.321,1,0,44K,0,08%
01.03.2019,3.358,0,3.341,9,3.384,6,3.340,7,1,06K,0,48%
28.02.2019,3.341,9,3.343,6,3.419,1,3.315,2,1,65K,-0,05%
27.02.2019,3.343,6,3.339,2,3.359,6,3.235,0,1,84K,0,13%
26.02.2019,3.339,2,3.364,1,3.373,4,3.328,0,1,19K,-0,74%
25.02.2019,3.364,1,3.295,7,3.400,0,3.295,7,1,43K,2,08%
24.02.2019,3.295,7,3.631,0,3.679,0,3.268,7,2,50K,-9,24%
23.02.2019,3.631,0,3.471,8,3.662,0,3.442,4,1,47K,4,59%
22.02.2019,3.471,6,3.440,0,3.489,1,3.428,2,1,32K,0,92%
21.02.2019,3.440,0,3.474,8,3.499,0,3.416,0,1,45K,-1,00%
20.02.2019,3.474,8,3.435,5,3.490,0,3.419,5,1,40K,1,14%
19.02.2019,3.435,5,3.422,0,3.517,9,3.402,1,1,90K,0,39%
18.02.2019,3.422,0,3.213,9,3.461,3,3.207,1,2,56K,6,45%
17.02.2019,3.214,7,3.178,0,3.241,5,3.166,0,0,79K,1,16%
16.02.2019,3.178,0,3.169,1,3.195,6,3.168,0,0,50K,0,28%
15.02.2019,3.169,1,3.155,3,3.211,0,3.155,0,1,24K,0,43%
14.02.2019,3.155,5,3.180,0,3.189,7,3.149,0,1,15K,-0,77%
13.02.2019,3.180,0,3.175,3,3.200,0,3.165,0,1,19K,0,15%
12.02.2019,3.175,3,3.195,1,3.195,1,3.162,0,1,24K,-0,62%
11.02.2019,3.195,1,3.225,0,3.227,1,3.171,5,1,14K,-0,93%
10.02.2019,3.225,0,3.195,0,3.231,9,3.165,9,0,66K,0,94%
09.02.2019,3.195,0,3.188,7,3.209,6,3.176,0,0,66K,0,20%
08.02.2019,3.188,7,2.965,0,3.265,0,2.957,2,2,54K,7,55%
07.02.2019,2.965,0,2.968,0,2.987,6,2.961,1,0,94K,-0,10%
06.02.2019,2.968,0,3.008,0,3.018,9,2.941,0,1,31K,-1,33%
05.02.2019,3.008,0,2.990,0,3.013,0,2.980,1,1,23K,0,60%
04.02.2019,2.990,0,2.983,7,3.002,9,2.975,4,0,95K,0,21%
03.02.2019,2.983,7,3.027,4,3.029,9,2.963,1,0,62K,-1,44%
02.02.2019,3.027,4,3.002,2,3.042,6,2.986,0,0,67K,0,84%
01.02.2019,3.002,2,2.980,3,3.015,0,2.955,0,1,33K,0,73%
31.01.2019,2.980,3,2.996,1,3.023,8,2.966,0,1,38K,-0,53%
30.01.2019,2.996,1,2.974,4,3.033,4,2.959,4,1,39K,0,73%
29.01.2019,2.974,4,3.006,5,3.011,5,2.929,2,1,81K,-1,07%
28.01.2019,3.006,5,3.103,2,3.103,2,2.961,2,2,99K,-3,12%
27.01.2019,3.103,2,3.126,0,3.138,0,3.054,0,0,81K,-0,70%
26.01.2019,3.125,1,3.130,7,3.188,0,3.115,0,0,64K,-0,18%
25.01.2019,3.130,7,3.158,0,3.164,6,3.111,1,1,08K,-0,84%
24.01.2019,3.157,2,3.126,0,3.173,0,3.111,0,1,11K,0,98%
23.01.2019,3.126,5,3.156,7,3.193,0,3.111,0,1,28K,-0,96%
22.01.2019,3.156,7,3.116,6,3.179,0,3.031,0,1,15K,1,29%
21.01.2019,3.116,6,3.123,2,3.140,1,3.086,1,1,20K,-0,21%
20.01.2019,3.123,2,3.253,1,3.265,8,3.078,7,1,04K,-3,99%
19.01.2019,3.253,1,3.185,8,3.300,0,3.180,8,0,65K,2,11%
18.01.2019,3.185,8,3.200,0,3.200,5,3.159,9,0,89K,-0,44%
17.01.2019,3.199,9,3.168,9,3.211,3,3.121,5,1,06K,0,98%
16.01.2019,3.168,9,3.152,9,3.230,0,3.140,5,1,12K,0,50%
15.01.2019,3.152,9,3.207,0,3.218,0,3.123,0,1,33K,-1,69%
14.01.2019,3.207,0,3.080,6,3.247,5,3.077,5,1,51K,4,10%
13.01.2019,3.080,6,3.176,5,3.193,0,3.053,0,1,00K,-3,02%
12.01.2019,3.176,5,3.190,0,3.217,9,3.152,0,0,61K,-0,42%
11.01.2019,3.190,0,3.178,0,3.254,4,3.145,0,1,48K,0,38%
10.01.2019,3.178,0,3.480,0,3.504,1,3.144,2,3,43K,-8,68%
09.01.2019,3.480,0,3.503,1,3.544,9,3.462,9,1,23K,-0,66%
08.01.2019,3.503,1,3.497,0,3.600,0,3.440,0,1,53K,0,17%
07.01.2019,3.497,0,3.555,0,3.570,0,3.475,0,1,35K,-1,63%
06.01.2019,3.555,0,3.349,7,3.590,0,3.332,9,1,19K,6,13%
05.01.2019,3.349,7,3.370,4,3.400,0,3.336,6,0,97K,-0,61%
04.01.2019,3.370,4,3.336,7,3.389,0,3.310,3,1,12K,1,01%
03.01.2019,3.336,7,3.450,0,3.450,0,3.307,8,1,25K,-3,28%
02.01.2019,3.450,0,3.347,2,3.465,0,3.302,8,1,35K,3,07%
01.01.2019,3.347,2,3.240,0,3.350,7,3.208,5,1,07K,3,31%
31.12.2018,3.240,0,3.376,7,3.377,5,3.200,0,1,59K,-4,05%
30.12.2018,3.376,7,3.285,0,3.392,3,3.256,5,0,71K,2,79%
29.12.2018,3.285,0,3.408,8,3.450,0,3.263,2,1,15K,-3,63%
28.12.2018,3.408,8,3.157,2,3.450,0,3.157,2,2,52K,7,97%
27.12.2018,3.157,2,3.379,2,3.391,5,3.122,6,1,91K,-6,57%
26.12.2018,3.379,2,3.334,6,3.419,7,3.275,0,1,03K,1,11%
25.12.2018,3.342,0,3.560,0,3.566,9,3.257,7,2,02K,-6,12%
24.12.2018,3.560,0,3.499,0,3.737,8,3.499,0,2,46K,1,74%
23.12.2018,3.499,0,3.520,0,3.580,0,3.469,0,1,12K,-0,57%
22.12.2018,3.519,0,3.401,7,3.540,0,3.358,0,1,15K,3,45%
21.12.2018,3.401,7,3.575,8,3.645,0,3.340,0,2,94K,-4,87%
20.12.2018,3.575,8,3.244,1,3.672,4,3.229,4,4,75K,10,22%
19.12.2018,3.244,1,3.236,3,3.490,0,3.214,7,4,55K,0,24%
18.12.2018,3.236,3,3.093,9,3.258,9,3.032,5,2,24K,4,60%
17.12.2018,3.093,9,2.840,4,3.164,5,2.830,0,3,00K,8,96%
16.12.2018,2.839,5,2.830,4,2.885,0,2.821,8,0,82K,0,32%
15.12.2018,2.830,4,2.835,2,2.865,0,2.781,5,1,29K,-0,18%
14.12.2018,2.835,5,2.886,9,2.919,0,2.800,3,2,54K,-1,78%
13.12.2018,2.886,9,3.026,0,3.028,1,2.861,2,2,14K,-4,60%
12.12.2018,3.026,0,2.966,0,3.076,7,2.957,0,1,47K,2,02%
11.12.2018,2.966,0,3.012,2,3.022,0,2.923,7,1,55K,-1,63%
10.12.2018,3.015,0,3.106,9,3.150,0,2.970,0,1,78K,-2,94%
09.12.2018,3.106,4,3.004,2,3.200,0,2.985,0,1,32K,3,40%
08.12.2018,3.004,2,2.992,9,3.081,0,2.870,1,1,69K,0,38%
07.12.2018,2.992,9,3.037,4,3.129,0,2.850,1,4,55K,-1,47%
06.12.2018,3.037,4,3.267,9,3.399,0,3.037,4,2,65K,-7,05%
05.12.2018,3.267,9,3.450,0,3.458,2,3.252,7,1,74K,-5,28%
04.12.2018,3.450,0,3.385,0,3.560,1,3.301,2,1,58K,1,77%
03.12.2018,3.390,0,3.630,1,3.643,4,3.326,8,2,21K,-6,52%
02.12.2018,3.626,5,3.681,9,3.770,0,3.576,6,0,86K,-1,50%
01.12.2018,3.681,9,3.530,0,3.778,0,3.453,4,1,32K,4,30%
30.11.2018,3.530,0,3.740,1,3.775,0,3.404,9,2,47K,-5,62%
29.11.2018,3.740,1,3.726,3,3.911,5,3.603,0,2,75K,0,37%
28.11.2018,3.726,2,3.342,9,3.882,7,3.342,9,4,13K,11,32%
27.11.2018,3.347,4,3.291,4,3.390,0,3.160,4,2,32K,1,70%
26.11.2018,3.291,5,3.474,5,3.582,5,3.120,0,4,08K,-5,31%
25.11.2018,3.475,9,3.320,0,3.633,9,3.051,0,7,12K,4,70%
24.11.2018,3.320,0,3.789,0,3.837,7,3.260,0,3,06K,-12,38%
23.11.2018,3.789,0,3.739,9,3.824,7,3.601,1,2,55K,1,21%
22.11.2018,3.743,8,4.000,2,4.029,0,3.726,2,1,61K,-6,41%
21.11.2018,4.000,2,3.850,0,4.088,6,3.732,7,2,83K,3,90%
20.11.2018,3.850,0,4.140,0,4.254,9,3.556,3,8,28K,-7,00%
19.11.2018,4.140,0,4.879,4,4.879,4,4.111,0,5,01K,-15,13%
18.11.2018,4.878,3,4.829,0,4.936,6,4.829,0,0,53K,1,02%
17.11.2018,4.829,0,4.830,8,4.849,3,4.771,3,0,51K,-0,04%
16.11.2018,4.830,8,4.921,0,5.089,8,4.747,2,0,97K,-1,83%
15.11.2018,4.921,0,5.000,0,5.031,0,4.640,0,2,53K,-1,56%
14.11.2018,4.999,0,5.569,6,5.594,5,4.740,0,4,11K,-10,25%
13.11.2018,5.569,6,5.649,5,5.649,5,5.568,5,0,69K,-1,41%
12.11.2018,5.649,5,5.619,8,5.670,0,5.619,8,0,63K,0,53%
11.11.2018,5.619,7,5.621,0,5.625,5,5.566,8,0,27K,-0,02%
10.11.2018,5.621,0,5.607,0,5.643,4,5.607,0,0,26K,0,25%
09.11.2018,5.607,0,5.642,0,5.667,0,5.580,0,0,71K,-0,62%
08.11.2018,5.642,0,5.700,0,5.707,9,5.613,6,0,74K,-1,02%
07.11.2018,5.700,0,5.654,3,5.737,0,5.654,3,0,83K,0,81%
06.11.2018,5.654,3,5.618,6,5.660,0,5.618,6,0,78K,0,64%
05.11.2018,5.618,6,5.638,4,5.655,6,5.601,0,0,63K,-0,35%
04.11.2018,5.638,4,5.575,6,5.670,0,5.560,2,0,51K,1,11%
03.11.2018,5.576,5,5.590,0,5.590,0,5.555,3,0,25K,-0,24%
02.11.2018,5.590,0,5.573,0,5.599,0,5.562,4,0,53K,0,30%
01.11.2018,5.573,0,5.590,9,5.594,4,5.533,0,0,56K,-0,32%
31.10.2018,5.590,9,5.540,0,5.603,9,5.503,0,0,62K,0,92%
30.10.2018,5.540,0,5.519,1,5.546,2,5.510,9,0,65K,0,38%
29.10.2018,5.519,1,5.635,7,5.639,0,5.468,9,1,01K,-2,07%
28.10.2018,5.635,7,5.634,9,5.638,0,5.624,0,0,24K,0,01%
27.10.2018,5.634,9,5.637,1,5.643,9,5.620,0,0,30K,-0,04%
26.10.2018,5.637,1,5.631,8,5.667,9,5.621,0,0,60K,0,09%
25.10.2018,5.631,8,5.640,0,5.651,6,5.588,6,0,62K,-0,15%
24.10.2018,5.640,0,5.590,7,5.670,0,5.590,7,0,77K,0,88%
23.10.2018,5.590,7,5.605,0,5.611,3,5.569,0,0,63K,-0,26%
22.10.2018,5.605,0,5.586,3,5.617,1,5.570,1,0,55K,0,33%
21.10.2018,5.586,3,5.593,5,5.627,0,5.585,0,0,28K,-0,13%
20.10.2018,5.593,5,5.577,0,5.608,4,5.560,0,0,29K,0,30%
19.10.2018,5.577,0,5.584,5,5.594,2,5.570,0,0,46K,-0,14%
18.10.2018,5.584,5,5.614,1,5.641,4,5.570,0,0,65K,-0,53%
17.10.2018,5.614,1,5.589,9,5.623,9,5.564,7,0,81K,0,43%
16.10.2018,5.589,9,5.566,0,5.627,4,5.540,0,0,83K,0,43%
15.10.2018,5.566,0,5.356,8,5.825,0,5.351,0,2,13K,3,75%
14.10.2018,5.364,8,5.397,7,5.432,0,5.351,0,0,38K,-0,61%
13.10.2018,5.397,7,5.389,0,5.410,7,5.380,0,0,30K,0,16%
12.10.2018,5.389,0,5.320,9,5.409,9,5.303,3,0,65K,1,28%
11.10.2018,5.320,9,5.669,1,5.669,1,5.306,1,2,31K,-6,14%
10.10.2018,5.669,1,5.754,9,5.754,9,5.640,0,0,83K,-1,49%
09.10.2018,5.754,9,5.768,6,5.792,0,5.747,3,0,66K,-0,24%
08.10.2018,5.768,5,5.715,7,5.820,0,5.682,5,0,87K,0,92%
07.10.2018,5.715,7,5.704,1,5.725,0,5.661,0,0,31K,0,20%
06.10.2018,5.704,1,5.734,7,5.734,7,5.690,5,0,31K,-0,53%
05.10.2018,5.734,7,5.700,0,5.750,0,5.668,0,0,66K,0,61%
04.10.2018,5.700,0,5.639,0,5.746,5,5.639,0,0,72K,1,08%
03.10.2018,5.639,0,5.641,0,5.660,6,5.551,0,0,88K,-0,12%
02.10.2018,5.646,0,5.687,5,5.710,2,5.616,7,0,63K,-0,73%
01.10.2018,5.687,5,5.701,6,5.725,5,5.615,0,0,75K,-0,28%
30.09.2018,5.703,3,5.680,0,5.737,2,5.640,0,0,47K,0,41%
29.09.2018,5.680,0,5.718,5,5.718,5,5.591,7,0,57K,-0,67%
28.09.2018,5.718,5,5.742,8,5.843,1,5.650,0,1,05K,-0,42%
27.09.2018,5.742,8,5.509,0,5.784,3,5.509,0,0,97K,4,24%
26.09.2018,5.509,0,5.478,2,5.580,0,5.440,9,0,78K,0,56%
25.09.2018,5.478,1,5.605,8,5.605,8,5.402,2,1,13K,-2,28%
24.09.2018,5.605,8,5.722,9,5.729,7,5.600,0,0,78K,-2,05%
23.09.2018,5.722,9,5.725,7,5.768,0,5.677,5,0,45K,-0,05%
22.09.2018,5.725,7,5.760,0,5.800,0,5.640,0,0,63K,-0,59%
21.09.2018,5.760,0,5.524,4,5.775,0,5.522,0,1,50K,4,26%
20.09.2018,5.524,4,5.475,0,5.554,0,5.410,0,0,68K,0,90%
19.09.2018,5.475,0,5.445,0,5.580,0,5.263,2,1,13K,0,50%
18.09.2018,5.448,0,5.372,0,5.469,0,5.348,2,0,85K,1,41%
17.09.2018,5.372,0,5.597,7,5.617,5,5.324,0,1,27K,-4,03%
16.09.2018,5.597,7,5.624,3,5.624,3,5.518,4,0,37K,-0,47%
15.09.2018,5.624,3,5.588,6,5.661,2,5.580,0,0,43K,0,64%
14.09.2018,5.588,6,5.557,1,5.631,1,5.470,2,1,06K,0,57%
13.09.2018,5.557,1,5.453,8,5.600,0,5.453,8,1,22K,1,90%
12.09.2018,5.453,8,5.422,5,5.469,6,5.350,0,0,93K,0,58%
11.09.2018,5.422,5,5.454,1,5.527,8,5.325,7,1,14K,-0,58%
10.09.2018,5.454,2,5.409,4,5.514,3,5.393,0,0,90K,0,83%
09.09.2018,5.409,4,5.380,8,5.579,0,5.368,0,0,65K,0,53%
08.09.2018,5.380,8,5.535,0,5.600,0,5.342,1,1,05K,-2,68%
07.09.2018,5.529,0,5.602,9,5.646,9,5.450,6,1,04K,-1,31%
06.09.2018,5.602,3,5.752,9,5.770,9,5.420,0,2,26K,-2,71%
05.09.2018,5.758,6,6.357,2,6.400,0,5.750,4,2,71K,-9,42%
04.09.2018,6.357,2,6.261,3,6.415,0,6.248,4,1,05K,1,53%
03.09.2018,6.261,3,6.289,2,6.322,0,6.206,7,0,99K,-0,44%
02.09.2018,6.289,2,6.186,4,6.332,5,6.152,5,0,88K,1,60%
01.09.2018,6.189,9,6.042,0,6.248,4,6.042,0,0,88K,2,45%
31.08.2018,6.042,0,5.992,3,6.097,5,5.927,5,0,94K,0,92%
30.08.2018,5.986,8,6.010,0,6.024,0,5.828,4,1,28K,-0,24%
29.08.2018,6.001,0,6.061,0,6.112,3,5.914,4,1,34K,-0,99%
28.08.2018,6.061,0,5.906,8,6.108,4,5.887,0,1,89K,2,61%
27.08.2018,5.906,8,5.760,6,5.922,5,5.739,1,0,85K,2,54%
26.08.2018,5.760,6,5.795,5,5.817,3,5.661,0,0,55K,-0,60%
25.08.2018,5.795,6,5.759,4,5.833,1,5.721,0,0,58K,0,63%
24.08.2018,5.759,4,5.662,6,5.778,0,5.580,0,0,97K,1,71%
23.08.2018,5.662,6,5.495,0,5.686,0,5.490,5,0,83K,3,09%
22.08.2018,5.493,1,5.605,0,5.944,1,5.415,2,2,03K,-1,96%
21.08.2018,5.603,0,5.470,0,5.631,0,5.465,0,0,76K,2,43%
20.08.2018,5.470,0,5.672,5,5.707,0,5.450,0,1,01K,-3,57%
19.08.2018,5.672,5,5.624,7,5.718,2,5.571,0,0,70K,0,85%
18.08.2018,5.624,7,5.749,0,5.798,0,5.560,0,0,71K,-2,16%
17.08.2018,5.749,0,5.565,8,5.769,0,5.545,5,1,28K,3,29%
16.08.2018,5.565,8,5.540,0,5.698,0,5.477,9,1,45K,0,47%
15.08.2018,5.540,0,5.469,0,5.850,0,5.463,4,2,46K,1,30%
14.08.2018,5.469,0,5.500,7,5.500,7,5.200,0,2,16K,-0,58%
13.08.2018,5.500,7,5.559,0,5.764,0,5.412,0,1,47K,-1,07%
12.08.2018,5.560,0,5.473,4,5.695,0,5.415,3,0,78K,1,58%
11.08.2018,5.473,4,5.400,0,5.695,9,5.313,6,1,18K,1,36%
10.08.2018,5.400,0,5.700,0,5.729,9,5.300,0,1,85K,-5,26%
09.08.2018,5.700,0,5.420,0,5.775,0,5.355,0,1,71K,5,17%
08.08.2018,5.420,0,5.802,0,5.807,6,5.277,8,2,19K,-6,58%
07.08.2018,5.802,0,6.010,0,6.169,5,5.754,4,1,62K,-3,46%
06.08.2018,6.010,0,6.085,7,6.188,8,5.920,0,1,14K,-1,24%
05.08.2018,6.085,7,6.055,7,6.134,1,5.958,0,0,88K,0,49%
04.08.2018,6.055,7,6.415,0,6.470,0,6.000,0,1,39K,-5,60%
03.08.2018,6.415,0,6.510,3,6.514,8,6.311,0,1,42K,-1,47%
02.08.2018,6.510,5,6.528,6,6.628,9,6.440,2,1,09K,-0,28%
01.08.2018,6.528,6,6.614,4,6.614,4,6.374,1,1,85K,-1,30%
31.07.2018,6.614,4,6.984,0,6.984,0,6.550,9,1,93K,-5,35%
30.07.2018,6.988,5,7.052,7,7.098,3,6.718,3,1,61K,-0,91%
29.07.2018,7.052,7,7.055,0,7.092,0,6.979,9,0,44K,-0,03%
28.07.2018,7.055,0,7.025,0,7.084,1,6.939,1,0,53K,0,43%
27.07.2018,7.025,0,6.816,0,7.100,0,6.707,6,1,88K,3,07%
26.07.2018,6.816,0,6.970,0,7.130,0,6.755,0,1,78K,-2,21%
25.07.2018,6.970,0,7.180,0,7.256,0,6.887,0,2,59K,-3,06%
24.07.2018,7.189,9,6.609,7,7.250,0,6.601,0,3,27K,8,78%
23.07.2018,6.609,7,6.320,2,6.670,0,6.306,8,1,86K,4,58%
22.07.2018,6.320,2,6.323,5,6.444,6,6.267,0,0,61K,-0,08%
21.07.2018,6.325,4,6.260,2,6.363,0,6.163,0,0,61K,1,04%
20.07.2018,6.260,3,6.418,3,6.570,0,6.199,0,1,65K,-2,46%
19.07.2018,6.418,3,6.330,3,6.490,0,6.239,6,1,51K,1,39%
18.07.2018,6.330,3,6.275,1,6.514,2,6.221,0,2,56K,0,88%
17.07.2018,6.275,1,5.729,9,6.400,0,5.673,8,2,63K,9,51%
16.07.2018,5.729,9,5.438,3,5.749,0,5.417,9,3,20K,5,42%
15.07.2018,5.435,2,5.375,7,5.483,0,5.351,0,0,40K,1,11%
14.07.2018,5.375,7,5.338,7,5.440,0,5.306,9,0,41K,0,69%
13.07.2018,5.338,7,5.362,2,5.432,0,5.257,2,0,95K,-0,40%
12.07.2018,5.360,0,5.470,0,5.470,0,5.218,0,1,23K,-2,01%
11.07.2018,5.470,0,5.381,2,5.477,7,5.366,0,0,95K,1,69%
10.07.2018,5.378,9,5.676,1,5.680,0,5.363,7,1,53K,-5,24%
09.07.2018,5.676,1,5.718,9,5.792,0,5.652,9,0,92K,-0,74%
08.07.2018,5.718,7,5.758,7,5.773,0,5.682,6,0,49K,-0,70%
07.07.2018,5.758,7,5.641,4,5.800,0,5.564,0,0,45K,2,08%
06.07.2018,5.641,4,5.599,8,5.673,2,5.524,2,0,83K,0,73%
05.07.2018,5.600,7,5.659,5,5.750,0,5.542,8,1,08K,-1,03%
04.07.2018,5.658,9,5.598,8,5.830,0,5.507,8,0,97K,1,18%
03.07.2018,5.593,0,5.695,4,5.739,8,5.563,1,0,97K,-1,80%
02.07.2018,5.695,4,5.454,2,5.762,5,5.400,0,1,49K,4,42%
01.07.2018,5.454,2,5.467,9,5.497,8,5.365,7,0,48K,-0,25%
30.06.2018,5.467,9,5.300,0,5.523,0,5.287,0,0,91K,3,17%
29.06.2018,5.300,0,5.065,7,5.375,9,4.968,4,1,81K,4,54%
28.06.2018,5.069,6,5.312,2,5.328,9,5.031,8,1,60K,-4,57%
27.06.2018,5.312,2,5.219,5,5.367,8,5.155,9,1,03K,1,78%
26.06.2018,5.219,5,5.343,6,5.380,0,5.204,5,1,01K,-2,32%
25.06.2018,5.343,6,5.289,0,5.443,6,5.213,9,1,41K,1,05%
24.06.2018,5.288,0,5.307,1,5.401,8,4.958,5,1,64K,-0,36%
23.06.2018,5.307,1,5.218,8,5.379,5,5.184,4,0,76K,1,85%
22.06.2018,5.210,5,5.800,0,5.803,5,5.100,0,2,36K,-10,18%
21.06.2018,5.801,1,5.835,0,5.888,5,5.770,0,0,72K,-0,58%
20.06.2018,5.835,0,5.829,1,5.883,0,5.675,8,0,74K,0,10%
19.06.2018,5.829,3,5.775,3,5.944,5,5.742,1,1,11K,0,93%
18.06.2018,5.775,6,5.560,9,5.863,6,5.511,0,1,47K,3,86%
17.06.2018,5.560,9,5.605,7,5.660,8,5.552,3,0,58K,-0,80%
16.06.2018,5.605,7,5.519,9,5.657,0,5.465,2,0,58K,1,55%
15.06.2018,5.519,9,5.753,3,5.768,6,5.503,0,1,15K,-4,06%
14.06.2018,5.753,3,5.348,7,5.808,0,5.337,0,2,51K,7,56%
13.06.2018,5.348,7,5.576,6,5.639,0,5.211,0,2,51K,-4,10%
12.06.2018,5.577,5,5.871,0,5.871,0,5.503,3,2,40K,-5,00%
11.06.2018,5.871,0,5.759,0,5.899,0,5.636,1,2,11K,1,94%
10.06.2018,5.759,0,6.401,4,6.401,4,5.712,0,2,41K,-10,04%
09.06.2018,6.401,4,6.487,5,6.535,0,6.401,4,0,40K,-1,33%
08.06.2018,6.487,5,6.534,7,6.534,7,6.438,1,0,74K,-0,72%
07.06.2018,6.534,7,6.520,8,6.586,6,6.489,4,0,79K,0,31%
06.06.2018,6.514,7,6.509,6,6.549,0,6.383,0,0,97K,0,08%
05.06.2018,6.509,6,6.420,8,6.551,3,6.330,0,1,18K,1,38%
04.06.2018,6.420,8,6.618,7,6.653,0,6.375,0,1,03K,-2,99%
03.06.2018,6.618,7,6.569,8,6.668,1,6.560,0,0,68K,0,74%
02.06.2018,6.569,8,6.449,8,6.600,0,6.405,7,0,66K,1,86%
01.06.2018,6.449,8,6.414,2,6.514,2,6.318,8,0,92K,0,56%
31.05.2018,6.414,2,6.346,2,6.528,5,6.301,8,1,04K,1,07%
30.05.2018,6.346,2,6.477,0,6.549,9,6.261,0,1,15K,-2,03%
29.05.2018,6.477,6,6.114,4,6.545,9,6.080,0,1,66K,5,94%
28.05.2018,6.114,4,6.297,0,6.368,7,6.101,0,1,36K,-2,90%
27.05.2018,6.297,0,6.313,5,6.344,3,6.225,8,0,69K,-0,26%
26.05.2018,6.313,5,6.431,8,6.544,4,6.287,6,0,55K,-1,84%
25.05.2018,6.431,8,6.479,0,6.545,2,6.284,9,1,16K,-0,73%
24.05.2018,6.479,0,6.425,0,6.600,0,6.200,0,2,01K,0,94%
23.05.2018,6.418,6,6.801,0,6.833,0,6.380,0,2,82K,-5,63%
22.05.2018,6.801,3,7.113,7,7.130,7,6.787,0,1,22K,-4,56%
21.05.2018,7.126,0,7.244,3,7.316,8,7.076,5,0,95K,-1,57%
20.05.2018,7.239,5,7.013,8,7.285,0,6.960,0,0,62K,3,22%
19.05.2018,7.013,8,7.014,5,7.118,0,6.940,0,0,40K,-0,01%
18.05.2018,7.014,5,6.859,3,7.042,3,6.751,0,1,05K,2,26%
17.05.2018,6.859,3,7.065,0,7.154,3,6.800,0,1,11K,-2,91%
16.05.2018,7.065,0,7.180,5,7.200,0,6.874,6,1,91K,-1,61%
15.05.2018,7.180,5,7.256,9,7.420,0,7.128,0,1,59K,-1,05%
14.05.2018,7.256,9,7.299,3,7.450,0,6.922,2,2,85K,-0,58%
13.05.2018,7.299,3,7.092,0,7.349,0,7.016,4,0,98K,2,92%
12.05.2018,7.092,0,7.055,0,7.292,6,6.873,0,1,66K,0,52%
11.05.2018,7.055,0,7.587,6,7.589,3,7.014,5,2,80K,-7,02%
10.05.2018,7.587,6,7.847,5,7.920,0,7.560,6,1,21K,-3,31%
09.05.2018,7.847,5,7.743,4,7.900,0,7.580,0,1,36K,1,34%
08.05.2018,7.743,4,7.857,0,7.942,0,7.651,0,1,42K,-1,45%
07.05.2018,7.857,0,8.015,0,8.035,6,7.720,0,1,83K,-1,97%
06.05.2018,8.015,0,8.210,0,8.275,0,7.899,0,1,27K,-2,38%
05.05.2018,8.210,0,8.109,0,8.321,0,8.077,6,1,35K,1,25%
04.05.2018,8.109,0,8.094,0,8.166,0,7.858,7,1,97K,0,12%
03.05.2018,8.099,3,7.693,7,8.149,5,7.640,0,2,47K,5,27%
02.05.2018,7.693,8,7.541,0,7.717,0,7.483,8,1,45K,1,88%
01.05.2018,7.551,8,7.655,8,7.659,0,7.339,0,1,48K,-1,34%
30.04.2018,7.654,0,7.752,9,7.777,8,7.554,9,1,38K,-1,28%
29.04.2018,7.752,9,7.695,0,7.800,0,7.600,0,0,98K,0,75%
28.04.2018,7.695,0,7.372,3,7.745,3,7.340,0,1,05K,4,38%
27.04.2018,7.372,4,7.660,0,7.777,0,7.360,0,2,10K,-3,77%
26.04.2018,7.661,0,7.291,0,7.694,0,7.120,4,2,98K,5,01%
25.04.2018,7.295,3,7.930,4,7.972,8,7.185,1,5,95K,-8,01%
24.04.2018,7.930,4,7.314,5,7.995,0,7.314,5,3,54K,8,42%
23.04.2018,7.314,5,7.175,0,7.347,0,7.150,0,1,59K,1,94%
22.04.2018,7.175,0,7.246,5,7.350,9,7.125,1,1,45K,-0,99%
21.04.2018,7.246,5,7.249,5,7.397,5,7.003,2,1,97K,-0,04%
20.04.2018,7.249,5,6.717,0,7.299,0,6.685,0,2,98K,7,93%
19.04.2018,6.717,0,6.607,5,6.738,8,6.550,0,1,72K,1,66%
18.04.2018,6.607,5,6.397,2,6.668,1,6.383,5,1,63K,3,29%
17.04.2018,6.397,2,6.515,0,6.619,8,6.350,0,1,69K,-1,81%
16.04.2018,6.515,0,6.780,1,6.818,6,6.400,0,2,13K,-3,91%
15.04.2018,6.780,1,6.513,0,6.838,3,6.513,0,1,82K,4,10%
14.04.2018,6.513,0,6.370,0,6.603,0,6.354,5,1,18K,2,24%
13.04.2018,6.370,0,6.433,4,6.700,2,6.300,0,3,55K,-0,99%
12.04.2018,6.433,4,5.625,5,6.559,8,5.481,0,5,28K,14,36%
11.04.2018,5.625,5,5.538,6,5.650,0,5.522,2,1,01K,1,57%
10.04.2018,5.538,6,5.516,5,5.579,3,5.439,0,1,34K,0,40%
09.04.2018,5.516,5,5.737,5,5.862,4,5.400,5,2,20K,-3,85%
08.04.2018,5.737,5,5.596,0,5.795,0,5.596,0,0,96K,2,53%
07.04.2018,5.596,0,5.401,8,5.749,0,5.395,9,1,32K,3,60%
06.04.2018,5.401,8,5.526,9,5.593,0,5.336,0,1,52K,-2,26%
05.04.2018,5.526,9,5.535,3,5.671,0,5.371,3,2,30K,-0,15%
04.04.2018,5.535,3,6.060,0,6.064,4,5.458,3,3,04K,-8,66%
03.04.2018,6.060,0,5.742,0,6.182,9,5.703,7,3,32K,5,54%
02.04.2018,5.742,0,5.520,0,5.794,2,5.496,0,1,72K,4,02%
01.04.2018,5.520,0,5.637,3,5.718,7,5.240,0,3,44K,-2,08%
31.03.2018,5.637,3,5.551,6,5.870,0,5.500,0,2,39K,1,54%
30.03.2018,5.551,6,5.749,1,5.925,5,5.350,0,4,80K,-3,44%
29.03.2018,5.749,1,6.450,0,6.465,7,5.611,6,5,26K,-10,87%
28.03.2018,6.450,0,6.305,0,6.550,0,6.270,0,1,73K,2,30%
27.03.2018,6.305,0,6.547,0,6.612,5,6.255,0,2,44K,-3,70%
26.03.2018,6.547,5,6.873,1,6.916,5,6.322,0,3,16K,-4,74%
25.03.2018,6.873,1,6.929,0,7.061,8,6.836,2,1,36K,-0,81%
24.03.2018,6.929,0,7.200,7,7.267,9,6.907,0,1,81K,-3,76%
23.03.2018,7.200,0,7.068,0,7.200,0,6.733,0,2,29K,1,88%
22.03.2018,7.066,8,7.216,5,7.340,0,6.885,5,2,48K,-2,07%
21.03.2018,7.216,5,7.290,0,7.479,0,7.131,1,2,91K,-1,01%
20.03.2018,7.290,0,6.955,4,7.430,0,6.728,0,3,68K,4,81%
19.03.2018,6.955,4,6.688,1,7.110,0,6.601,0,4,51K,4,00%
18.03.2018,6.688,1,6.396,0,6.795,0,5.943,3,5,33K,4,57%
17.03.2018,6.396,0,6.728,0,6.805,6,6.280,0,2,38K,-4,93%
16.03.2018,6.728,0,6.726,4,7.050,0,6.468,0,2,56K,0,02%
15.03.2018,6.726,4,6.636,8,6.850,0,6.200,0,4,47K,1,35%
14.03.2018,6.636,8,7.390,0,7.539,0,6.408,4,5,16K,-10,19%
13.03.2018,7.390,0,7.407,1,7.686,0,7.200,0,2,57K,-0,23%
12.03.2018,7.407,1,7.737,2,8.087,0,7.121,5,4,05K,-4,27%
11.03.2018,7.737,2,7.132,0,7.907,1,6.926,0,3,62K,8,49%
10.03.2018,7.132,0,7.539,6,7.772,6,7.077,6,3,04K,-5,40%
09.03.2018,7.539,4,7.534,5,7.628,1,6.770,0,6,65K,0,06%
08.03.2018,7.534,5,8.024,2,8.206,6,7.345,7,4,66K,-6,10%
07.03.2018,8.024,2,8.660,0,8.773,0,7.622,1,6,54K,-7,34%
06.03.2018,8.660,0,9.221,0,9.257,5,8.548,0,4,15K,-7,10%
05.03.2018,9.322,0,9.280,0,9.399,0,9.206,8,1,65K,0,45%
04.03.2018,9.280,0,9.219,0,9.287,0,8.975,0,1,65K,0,66%
03.03.2018,9.219,0,8.936,0,9.299,0,8.934,0,2,27K,3,17%
02.03.2018,8.936,0,8.885,0,9.054,0,8.769,5,2,15K,0,57%
01.03.2018,8.885,0,8.470,0,8.977,0,8.412,5,2,38K,4,90%
28.02.2018,8.470,0,8.611,0,9.041,1,8.430,0,2,97K,-1,88%
27.02.2018,8.632,5,8.380,0,8.835,7,8.219,0,3,14K,3,01%
26.02.2018,8.380,0,7.819,0,8.498,0,7.661,0,3,74K,7,17%
25.02.2018,7.819,0,7.909,0,8.050,0,7.601,0,1,89K,-1,14%
24.02.2018,7.909,0,8.292,0,8.510,0,7.636,0,2,74K,-4,62%
23.02.2018,8.292,0,7.974,0,8.540,0,7.777,0,3,62K,3,99%
22.02.2018,7.974,0,8.520,7,8.950,0,7.875,0,5,23K,-6,42%
21.02.2018,8.520,7,9.150,6,9.221,5,8.300,0,5,77K,-6,88%
20.02.2018,9.150,6,9.030,8,9.573,8,9.025,6,5,42K,1,33%
19.02.2018,9.030,8,8.442,1,9.092,0,8.403,1,3,29K,6,97%
18.02.2018,8.442,1,9.014,0,9.199,0,8.196,6,4,35K,-6,34%
17.02.2018,9.014,0,8.216,1,9.074,0,8.138,1,3,49K,9,71%
16.02.2018,8.216,1,8.107,9,8.236,0,7.851,0,2,83K,1,33%
15.02.2018,8.107,9,7.661,2,8.275,8,7.559,0,6,27K,5,83%
14.02.2018,7.661,2,6.955,1,7.687,1,6.927,1,4,35K,10,15%
13.02.2018,6.955,1,7.202,6,7.250,0,6.828,5,2,60K,-3,44%
12.02.2018,7.202,6,6.630,0,7.290,0,6.612,0,3,10K,8,64%
11.02.2018,6.630,0,7.020,0,7.020,0,6.430,0,3,02K,-5,56%
10.02.2018,7.020,0,7.087,8,7.442,9,6.700,0,4,07K,-0,96%
09.02.2018,7.087,8,6.768,1,7.150,0,6.400,0,4,31K,4,72%
08.02.2018,6.768,1,6.167,3,7.124,2,6.167,3,5,31K,9,74%
07.02.2018,6.167,3,6.230,0,7.149,0,5.822,7,9,27K,-1,01%
06.02.2018,6.230,0,5.468,8,6.500,0,4.680,0,17,52K,13,92%
05.02.2018,5.468,8,6.541,8,6.666,0,5.086,5,12,67K,-16,40%
04.02.2018,6.541,8,7.399,9,7.530,0,6.257,0,4,39K,-11,60%
03.02.2018,7.399,9,7.125,1,7.687,0,6.558,3,3,89K,3,86%
02.02.2018,7.125,1,7.145,8,7.450,0,5.770,1,12,90K,-0,29%
01.02.2018,7.145,8,8.130,3,8.149,0,6.666,0,8,17K,-12,11%
31.01.2018,8.130,3,8.105,2,8.320,6,7.800,0,2,99K,0,31%
30.01.2018,8.105,2,9.009,9,9.015,0,7.905,5,4,97K,-10,04%
29.01.2018,9.009,9,9.360,0,9.393,2,8.900,0,1,94K,-3,74%
28.01.2018,9.360,0,9.137,4,9.487,6,9.113,5,1,68K,2,44%
27.01.2018,9.137,4,8.967,3,9.241,3,8.810,6,1,94K,1,90%
26.01.2018,8.967,3,9.030,5,9.294,0,8.456,0,3,51K,-0,70%
25.01.2018,9.030,5,9.193,9,9.351,0,8.880,0,2,17K,-1,77%
24.01.2018,9.193,5,8.831,9,9.299,6,8.650,0,2,41K,4,09%
23.01.2018,8.831,9,8.941,9,9.350,0,8.201,2,4,12K,-1,23%
22.01.2018,8.941,9,9.542,5,9.870,0,8.345,0,4,98K,-6,29%
21.01.2018,9.542,5,10.585,6,10.585,6,9.255,6,3,17K,-9,85%
20.01.2018,10.585,6,9.690,0,10.698,0,9.619,9,3,11K,9,24%
19.01.2018,9.690,0,9.554,3,10.057,1,9.265,0,2,79K,1,34%
18.01.2018,9.562,3,9.262,0,10.492,9,8.860,0,6,83K,3,24%
17.01.2018,9.262,0,9.510,3,10.210,0,7.221,0,15,64K,-2,61%
16.01.2018,9.510,3,11.301,8,11.321,6,8.000,0,12,92K,-15,85%
15.01.2018,11.301,8,11.323,9,11.845,0,11.150,0,2,56K,-0,19%
14.01.2018,11.323,9,11.745,5,11.813,4,11.000,0,1,91K,-3,59%
13.01.2018,11.745,5,11.581,0,12.040,9,11.581,0,1,84K,1,42%
12.01.2018,11.581,0,11.200,0,11.750,0,10.800,0,-,3,40%
11.01.2018,11.200,0,12.465,2,12.500,0,11.011,0,4,91K,-10,15%
10.01.2018,12.465,2,12.276,3,12.465,2,11.500,0,4,83K,1,54%
09.01.2018,12.276,3,12.769,0,12.883,0,12.100,0,3,25K,-3,86%
08.01.2018,12.769,0,13.370,3,13.370,3,11.930,0,4,87K,-4,41%
07.01.2018,13.358,1,14.230,0,14.240,0,13.160,0,2,20K,-6,13%
06.01.2018,14.230,0,14.300,0,14.333,9,13.659,0,2,15K,-0,49%
05.01.2018,14.300,0,12.940,0,14.450,0,12.631,5,4,23K,10,51%
04.01.2018,12.940,0,13.065,6,13.125,0,12.512,0,3,19K,-0,96%
03.01.2018,13.065,6,12.545,0,13.198,0,12.493,6,3,46K,4,15%
02.01.2018,12.545,0,11.800,0,13.100,0,11.280,0,4,60K,6,31%
01.01.2018,11.800,0,12.139,0,12.141,0,11.351,0,1,91K,-2,79%
31.12.2017,12.139,0,11.100,0,12.496,0,10.909,3,2,66K,9,36%
30.12.2017,11.100,0,12.880,8,12.920,0,10.550,0,3,60K,-13,82%
29.12.2017,12.880,8,12.699,0,13.099,0,12.574,5,2,60K,1,43%
28.12.2017,12.699,0,13.533,1,13.590,0,12.350,0,4,01K,-6,16%
27.12.2017,13.533,1,13.555,0,13.981,0,12.901,8,4,06K,-0,16%
26.12.2017,13.555,0,12.306,0,13.980,0,12.114,0,3,70K,10,15%
25.12.2017,12.306,0,12.507,7,13.115,0,12.000,0,2,58K,-1,61%
24.12.2017,12.507,7,13.247,7,13.249,0,11.130,0,5,13K,-5,59%
23.12.2017,13.247,7,12.709,8,14.465,3,12.150,0,6,06K,4,23%
22.12.2017,12.709,8,13.444,0,13.599,6,8.500,0,21,43K,-5,46%
21.12.2017,13.444,0,14.167,9,15.056,3,12.644,6,5,85K,-5,11%
20.12.2017,14.167,9,15.322,9,15.500,0,12.630,1,9,55K,-7,54%
19.12.2017,15.322,9,16.184,8,16.249,0,14.501,0,5,19K,-5,33%
18.12.2017,16.184,8,16.381,8,16.435,0,15.512,2,3,81K,-1,20%
17.12.2017,16.381,8,16.800,0,16.970,0,16.061,0,3,60K,-2,49%
16.12.2017,16.800,0,15.120,0,16.979,0,14.989,9,4,16K,11,11%
15.12.2017,15.120,0,14.123,0,15.298,2,14.123,0,4,32K,7,06%
14.12.2017,14.123,0,13.991,0,14.440,5,13.601,0,2,80K,0,94%
13.12.2017,13.991,0,14.649,5,14.730,0,13.057,0,5,32K,-4,50%
12.12.2017,14.649,5,13.919,5,14.840,6,13.703,1,6,45K,5,24%
11.12.2017,13.919,5,13.040,7,14.495,0,13.040,5,4,89K,6,74%
10.12.2017,13.040,7,12.926,2,13.600,0,11.500,0,7,68K,0,89%
09.12.2017,12.926,2,13.701,2,13.778,0,11.110,0,8,09K,-5,66%
08.12.2017,13.701,2,14.500,0,14.995,0,12.500,0,10,42K,-5,51%
07.12.2017,14.500,0,12.461,0,14.890,0,11.750,0,12,26K,16,36%
06.12.2017,12.461,0,10.096,0,12.700,0,10.090,0,8,77K,23,43%
05.12.2017,10.096,0,9.935,0,10.130,0,9.900,0,2,69K,1,62%
04.12.2017,9.935,0,9.701,1,9.935,0,9.680,0,2,83K,2,41%
03.12.2017,9.701,1,9.480,0,9.951,0,9.300,0,4,71K,2,33%
02.12.2017,9.480,0,9.275,0,9.679,0,9.180,0,2,82K,2,21%
01.12.2017,9.275,0,8.964,3,9.325,0,8.405,1,4,89K,3,47%
30.11.2017,8.964,3,8.608,0,9.400,0,8.002,0,8,61K,4,14%
29.11.2017,8.608,0,8.345,0,9.694,0,7.050,0,11,99K,3,15%
28.11.2017,8.345,0,8.174,1,8.398,0,8.140,0,2,77K,2,09%
27.11.2017,8.174,1,7.799,5,8.199,0,7.799,5,4,05K,4,80%
26.11.2017,7.799,5,7.339,5,8.059,0,7.339,5,4,16K,6,27%
25.11.2017,7.339,5,6.966,0,7.339,5,6.950,5,1,87K,5,36%
24.11.2017,6.966,0,6.868,0,7.100,5,6.800,0,2,09K,1,43%
23.11.2017,6.868,0,7.070,1,7.080,0,6.868,0,2,43K,-2,86%
22.11.2017,7.070,1,7.021,2,7.176,5,7.001,6,2,09K,0,70%
21.11.2017,7.021,2,7.080,0,7.195,0,6.750,0,3,80K,-0,83%
20.11.2017,7.080,0,6.818,0,7.106,4,6.771,0,2,99K,3,84%
19.11.2017,6.818,0,6.617,0,6.850,0,6.570,2,2,05K,3,04%
18.11.2017,6.617,0,6.592,3,6.675,0,6.451,0,1,34K,0,37%
17.11.2017,6.592,3,6.652,2,6.793,0,6.423,1,3,53K,-0,90%
16.11.2017,6.652,2,6.275,0,6.775,0,6.156,0,4,39K,6,01%
15.11.2017,6.275,0,5.688,8,6.288,0,5.688,8,4,90K,10,30%
14.11.2017,5.688,8,5.687,0,5.800,0,5.610,0,2,04K,0,03%
13.11.2017,5.687,0,5.099,0,5.999,0,5.058,2,6,52K,11,53%
12.11.2017,5.099,0,5.490,0,5.650,2,4.695,0,7,01K,-7,12%
11.11.2017,5.490,0,5.687,6,5.916,2,5.317,4,4,04K,-3,47%
10.11.2017,5.687,6,6.207,6,6.300,0,5.510,0,6,44K,-8,38%
09.11.2017,6.207,6,6.488,0,6.489,0,6.180,0,3,12K,-4,32%
08.11.2017,6.488,0,6.220,4,6.800,0,6.100,0,6,21K,4,30%
07.11.2017,6.220,4,6.060,0,6.343,0,6.060,0,2,00K,2,65%
06.11.2017,6.060,0,6.488,0,6.524,2,6.006,0,4,49K,-6,60%
05.11.2017,6.488,0,6.419,4,6.682,0,6.380,0,2,07K,1,07%
04.11.2017,6.419,4,6.291,4,6.468,9,6.135,9,1,64K,2,03%
03.11.2017,6.291,4,6.112,4,6.495,5,6.070,0,3,76K,2,93%
02.11.2017,6.112,4,5.935,0,6.483,1,5.703,0,6,24K,2,99%
01.11.2017,5.935,0,5.598,2,5.935,0,5.540,0,3,24K,6,02%
31.10.2017,5.598,2,5.305,7,5.619,7,5.282,0,2,36K,5,51%
30.10.2017,5.305,7,5.275,0,5.355,0,5.241,0,1,48K,0,58%
29.10.2017,5.275,0,5.007,3,5.399,0,4.980,3,1,92K,5,35%
28.10.2017,5.007,3,5.030,0,5.085,0,4.960,0,0,59K,-0,45%
27.10.2017,5.030,0,5.073,3,5.147,0,4.980,5,1,43K,-0,85%
26.10.2017,5.073,3,4.929,0,5.164,5,4.899,3,1,80K,2,93%
25.10.2017,4.929,0,4.771,3,4.947,0,4.650,0,1,93K,3,30%
24.10.2017,4.771,3,5.030,7,5.030,7,4.690,0,2,55K,-5,16%
23.10.2017,5.030,7,5.096,9,5.174,9,4.860,3,2,07K,-1,30%
22.10.2017,5.096,9,5.148,9,5.190,1,4.908,2,1,63K,-1,01%
21.10.2017,5.148,9,5.074,2,5.318,0,5.013,0,1,84K,1,47%
20.10.2017,5.074,2,4.822,4,5.199,0,4.797,0,2,39K,5,22%
19.10.2017,4.822,4,4.776,0,4.851,0,4.730,0,1,33K,0,97%
18.10.2017,4.776,0,4.800,5,4.805,4,4.351,0,2,98K,-0,51%
17.10.2017,4.800,5,4.886,0,4.898,0,4.752,5,1,48K,-1,75%
16.10.2017,4.886,0,4.791,6,4.888,0,4.702,3,1,54K,1,97%
15.10.2017,4.791,6,4.899,0,4.909,0,4.607,8,1,56K,-2,19%
14.10.2017,4.899,0,4.774,0,4.912,3,4.701,0,1,06K,2,62%
13.10.2017,4.774,0,4.570,0,4.950,0,4.463,0,3,84K,4,46%
12.10.2017,4.570,0,4.087,1,4.570,0,4.082,1,3,04K,11,82%
11.10.2017,4.087,1,4.045,2,4.127,3,4.002,7,1,19K,1,04%
10.10.2017,4.045,2,4.082,3,4.168,5,4.006,0,1,78K,-0,91%
09.10.2017,4.082,3,3.893,0,4.148,0,3.864,0,2,26K,4,86%
08.10.2017,3.893,0,3.755,0,3.899,0,3.740,5,1,02K,3,68%
07.10.2017,3.755,0,3.724,8,3.769,0,3.705,0,0,45K,0,81%
06.10.2017,3.724,8,3.694,0,3.780,0,3.694,0,0,86K,0,83%
05.10.2017,3.694,0,3.622,9,3.738,0,3.565,9,1,02K,1,96%
04.10.2017,3.622,9,3.713,9,3.764,7,3.565,9,1,24K,-2,45%
03.10.2017,3.713,9,3.809,8,3.815,0,3.631,0,1,47K,-2,52%
02.10.2017,3.809,8,3.711,6,3.859,0,3.700,2,1,60K,2,65%
01.10.2017,3.711,6,3.675,3,3.715,0,3.640,9,0,66K,0,99%
30.09.2017,3.675,3,3.545,6,3.725,0,3.540,0,0,94K,3,66%
29.09.2017,3.545,6,3.568,4,3.617,4,3.400,0,1,36K,-0,64%
28.09.2017,3.568,4,3.594,9,3.680,0,3.500,0,1,53K,-0,73%
27.09.2017,3.594,9,3.300,0,3.648,0,3.293,4,2,06K,8,94%
26.09.2017,3.300,0,3.320,9,3.390,0,3.300,0,1,15K,-0,63%
25.09.2017,3.320,9,3.107,0,3.374,0,3.107,0,1,29K,6,88%
24.09.2017,3.107,0,3.200,0,3.200,0,3.100,0,0,63K,-2,90%
23.09.2017,3.200,0,3.097,9,3.295,0,3.060,0,0,99K,3,29%
22.09.2017,3.097,9,3.051,7,3.166,4,2.980,9,1,61K,1,52%
21.09.2017,3.051,7,3.290,7,3.309,9,3.020,0,2,16K,-7,26%
20.09.2017,3.290,7,3.289,5,3.369,0,3.217,5,0,94K,0,04%
19.09.2017,3.289,5,3.444,3,3.457,0,3.237,0,1,74K,-4,49%
18.09.2017,3.444,3,3.141,2,3.467,0,3.141,2,2,73K,9,65%
17.09.2017,3.141,2,3.138,5,3.227,0,2.922,6,1,58K,0,09%
16.09.2017,3.138,5,3.148,0,3.385,1,3.033,1,2,69K,-0,30%
15.09.2017,3.148,0,2.723,0,3.265,4,2.467,3,7,38K,15,61%
14.09.2017,2.723,0,3.273,8,3.315,3,2.723,0,4,66K,-16,82%
13.09.2017,3.273,8,3.501,6,3.518,4,3.121,2,3,25K,-6,51%
12.09.2017,3.501,6,3.551,0,3.675,0,3.420,0,2,00K,-1,39%
11.09.2017,3.551,0,3.555,1,3.625,0,3.450,6,0,97K,-0,12%
10.09.2017,3.555,1,3.628,5,3.647,3,3.443,0,1,01K,-2,02%
09.09.2017,3.628,5,3.644,9,3.725,0,3.505,0,0,88K,-0,45%
08.09.2017,3.644,9,3.876,8,3.914,7,3.450,0,2,61K,-5,98%
07.09.2017,3.876,8,3.903,2,3.922,0,3.787,0,1,61K,-0,68%
06.09.2017,3.903,2,3.745,5,3.953,9,3.745,5,3,13K,4,21%
05.09.2017,3.745,5,3.761,0,3.814,2,3.596,1,1,95K,-0,41%
04.09.2017,3.761,0,3.925,5,3.928,3,3.549,7,3,48K,-4,19%
03.09.2017,3.925,5,3.907,9,4.024,5,3.850,0,0,99K,0,45%
02.09.2017,3.907,9,4.170,0,4.185,0,3.812,0,1,88K,-6,28%
01.09.2017,4.170,0,4.017,4,4.174,0,3.928,1,2,13K,3,80%
31.08.2017,4.017,4,3.865,4,4.027,7,3.863,5,1,86K,3,93%
30.08.2017,3.865,4,3.860,2,3.897,5,3.793,8,1,58K,0,14%
29.08.2017,3.860,2,3.670,0,3.941,4,3.620,0,1,91K,5,18%
28.08.2017,3.670,0,3.658,0,3.670,0,3.552,0,1,22K,0,33%
27.08.2017,3.658,0,3.671,7,3.696,8,3.640,3,0,61K,-0,37%
26.08.2017,3.671,7,3.688,1,3.696,7,3.603,4,0,55K,-0,45%
25.08.2017,3.688,1,3.677,7,3.778,1,3.615,0,1,39K,0,28%
24.08.2017,3.677,7,3.526,9,3.699,0,3.515,0,1,07K,4,28%
23.08.2017,3.526,9,3.495,3,3.650,0,3.436,2,1,68K,0,90%
22.08.2017,3.495,3,3.403,0,3.553,5,3.050,0,2,51K,2,71%
21.08.2017,3.403,0,3.475,1,3.505,6,3.371,1,2,01K,-2,08%
20.08.2017,3.475,1,3.565,4,3.573,9,3.474,1,0,85K,-2,53%
19.08.2017,3.565,4,3.517,6,3.587,8,3.425,6,1,08K,1,36%
18.08.2017,3.517,6,3.682,4,3.738,2,3.410,0,2,27K,-4,48%
17.08.2017,3.682,4,3.726,8,3.865,1,3.601,0,2,58K,-1,19%
16.08.2017,3.726,8,3.566,8,3.747,0,3.365,9,2,13K,4,48%
15.08.2017,3.566,8,3.678,4,3.793,3,3.248,5,4,11K,-3,03%
14.08.2017,3.678,4,3.453,9,3.700,0,3.387,0,2,83K,6,50%
13.08.2017,3.453,9,3.304,1,3.582,2,3.226,8,2,14K,4,53%
12.08.2017,3.304,1,3.112,5,3.386,9,3.080,0,1,98K,6,16%
11.08.2017,3.112,5,2.948,3,3.177,1,2.933,4,1,89K,5,57%
10.08.2017,2.948,3,2.867,6,5.000,0,2.840,4,1,59K,2,82%
09.08.2017,2.867,6,2.934,0,2.947,8,2.775,6,1,70K,-2,26%
08.08.2017,2.934,0,2.902,8,2.982,7,2.856,4,2,14K,1,07%
07.08.2017,2.902,8,2.750,0,2.925,6,2.725,0,1,59K,5,56%
06.08.2017,2.750,0,2.762,1,2.796,1,2.675,2,0,84K,-0,44%
05.08.2017,2.762,1,2.431,1,2.850,0,2.431,1,2,33K,13,61%
04.08.2017,2.431,1,2.365,7,2.445,0,2.344,8,1,10K,2,76%
03.08.2017,2.365,7,2.292,0,2.375,0,2.292,0,0,87K,3,22%
02.08.2017,2.292,0,2.333,4,2.353,6,2.247,4,1,20K,-1,78%
01.08.2017,2.333,4,2.427,0,2.499,0,2.235,0,1,67K,-3,86%
31.07.2017,2.427,0,2.342,0,2.475,0,2.314,6,1,07K,3,63%
30.07.2017,2.342,0,2.312,4,2.360,0,2.208,1,0,77K,1,28%
29.07.2017,2.312,4,2.380,5,2.386,4,2.254,9,1,07K,-2,86%
28.07.2017,2.380,5,2.297,1,2.425,0,2.276,0,1,48K,3,63%
27.07.2017,2.297,1,2.185,0,2.319,7,2.178,4,1,18K,5,13%
26.07.2017,2.185,0,2.214,3,2.250,0,2.103,0,1,19K,-1,32%
25.07.2017,2.214,3,2.387,3,2.402,0,2.112,1,2,15K,-7,24%
24.07.2017,2.387,3,2.364,5,2.421,8,2.351,2,1,03K,0,96%
23.07.2017,2.364,5,2.424,1,2.447,0,2.314,0,0,91K,-2,46%
22.07.2017,2.424,1,2.298,0,2.468,9,2.284,2,1,01K,5,49%
21.07.2017,2.298,0,2.464,3,2.479,9,2.238,6,1,95K,-6,75%
20.07.2017,2.464,3,1.976,4,2.546,7,1.966,9,3,66K,24,68%
19.07.2017,1.976,4,2.006,6,2.090,0,1.915,0,1,94K,-1,50%
18.07.2017,2.006,6,1.942,4,2.078,9,1.880,0,2,30K,3,31%
17.07.2017,1.942,4,1.657,7,1.945,0,1.656,4,2,09K,17,17%
16.07.2017,1.657,7,1.730,0,1.780,0,1.552,2,2,09K,-4,18%
15.07.2017,1.730,0,1.947,0,1.951,8,1.714,1,1,62K,-11,15%
14.07.2017,1.947,0,2.059,0,2.076,6,1.889,3,1,46K,-5,44%
13.07.2017,2.059,0,2.103,5,2.125,0,2.037,8,1,01K,-2,12%
12.07.2017,2.103,5,2.028,8,2.122,1,1.972,0,1,53K,3,68%
11.07.2017,2.028,8,2.071,7,2.134,6,1.975,0,1,78K,-2,07%
10.07.2017,2.071,7,2.221,2,2.221,5,1.990,3,1,82K,-6,73%
09.07.2017,2.221,2,2.250,0,2.250,3,2.221,2,0,40K,-1,28%
08.07.2017,2.250,0,2.203,2,2.250,0,2.170,0,0,57K,2,12%
07.07.2017,2.203,2,2.297,3,2.312,3,2.170,5,1,15K,-4,10%
06.07.2017,2.297,3,2.307,4,2.319,0,2.280,0,0,73K,-0,44%
05.07.2017,2.307,4,2.295,1,2.320,0,2.244,6,0,96K,0,54%
04.07.2017,2.295,1,2.252,4,2.325,0,2.250,0,1,34K,1,89%
03.07.2017,2.252,4,2.205,0,2.274,8,2.183,6,1,04K,2,15%
02.07.2017,2.205,0,2.128,9,2.228,1,2.086,8,0,75K,3,57%
01.07.2017,2.128,9,2.140,1,2.196,7,2.075,6,0,89K,-0,52%
30.06.2017,2.140,1,2.235,0,2.250,0,2.133,7,1,03K,-4,25%
29.06.2017,2.235,0,2.261,2,2.280,5,2.221,0,0,87K,-1,16%
28.06.2017,2.261,2,2.274,1,2.300,0,2.178,1,1,48K,-0,57%
27.06.2017,2.274,1,2.176,4,2.275,0,2.021,3,2,09K,4,49%
26.06.2017,2.176,4,2.251,3,2.287,9,2.005,4,1,80K,-3,33%
25.06.2017,2.251,3,2.308,4,2.350,0,2.169,0,0,80K,-2,47%
24.06.2017,2.308,4,2.425,0,2.445,0,2.250,0,0,85K,-4,81%
23.06.2017,2.425,0,2.419,8,2.443,7,2.399,6,0,72K,0,22%
22.06.2017,2.419,8,2.365,6,2.450,0,2.325,0,1,22K,2,29%
21.06.2017,2.365,6,2.444,2,2.487,4,2.329,0,1,50K,-3,21%
20.06.2017,2.444,2,2.329,1,2.521,6,2.321,3,1,87K,4,94%
19.06.2017,2.329,1,2.252,4,2.329,1,2.225,0,1,25K,3,41%
18.06.2017,2.252,4,2.370,0,2.386,5,2.208,3,0,89K,-4,96%
17.06.2017,2.370,0,2.229,3,2.393,6,2.181,1,0,95K,6,31%
16.06.2017,2.229,3,2.172,5,2.269,0,2.066,6,2,27K,2,62%
15.06.2017,2.172,5,2.183,5,2.246,5,1.837,2,4,76K,-0,50%
14.06.2017,2.183,5,2.429,4,2.511,3,2.090,9,2,53K,-10,12%
13.06.2017,2.429,4,2.382,8,2.495,8,2.361,6,2,04K,1,95%
12.06.2017,2.382,8,2.667,5,2.670,0,2.210,5,2,82K,-10,67%
11.06.2017,2.667,5,2.601,3,2.670,0,2.561,5,1,76K,2,54%
10.06.2017,2.601,3,2.531,5,2.609,0,2.520,9,1,18K,2,76%
09.06.2017,2.531,5,2.505,0,2.574,0,2.487,9,1,47K,1,06%
08.06.2017,2.505,0,2.401,4,2.522,9,2.340,0,1,93K,4,31%
07.06.2017,2.401,4,2.573,3,2.581,8,2.321,2,2,61K,-6,68%
06.06.2017,2.573,3,2.400,0,2.621,9,2.378,6,2,75K,7,22%
05.06.2017,2.400,0,2.250,1,2.400,0,2.250,1,1,33K,6,66%
04.06.2017,2.250,1,2.272,8,2.283,8,2.203,3,0,93K,-1,00%
03.06.2017,2.272,8,2.224,7,2.318,4,2.190,7,1,24K,2,16%
02.06.2017,2.224,7,2.164,2,2.224,7,2.133,5,1,24K,2,80%
01.06.2017,2.164,2,2.057,9,2.220,0,2.056,9,2,11K,5,16%
31.05.2017,2.057,9,1.953,7,2.090,0,1.850,0,2,86K,5,33%
30.05.2017,1.953,7,2.052,8,2.103,0,1.892,5,2,37K,-4,83%
29.05.2017,2.052,8,1.993,7,2.122,9,1.931,0,1,76K,2,96%
28.05.2017,1.993,7,1.874,6,2.108,1,1.874,6,1,73K,6,36%
27.05.2017,1.874,6,2.039,4,2.080,0,1.688,7,3,19K,-8,08%
26.05.2017,2.039,4,2.105,8,2.387,0,1.827,3,3,31K,-3,16%
25.05.2017,2.105,8,2.176,0,2.515,8,2.029,0,3,89K,-3,22%
24.05.2017,2.176,0,2.020,8,2.222,5,2.020,8,2,04K,7,68%
23.05.2017,2.020,8,1.877,1,2.025,0,1.840,0,1,95K,7,65%
22.05.2017,1.877,1,1.818,2,2.600,0,1.780,0,4,72K,3,24%
21.05.2017,1.818,2,1.823,9,1.864,6,1.780,3,1,18K,-0,31%
20.05.2017,1.823,9,1.760,0,1.824,5,1.755,4,1,11K,3,63%
19.05.2017,1.760,0,1.700,0,1.771,6,1.696,8,1,28K,3,53%
18.05.2017,1.700,0,1.643,1,1.700,0,1.620,0,1,05K,3,46%
17.05.2017,1.643,1,1.611,0,1.673,2,1.586,0,1,37K,1,99%
16.05.2017,1.611,0,1.604,0,1.624,0,1.549,9,1,42K,0,44%
15.05.2017,1.604,0,1.655,0,1.655,0,1.560,0,1,17K,-3,08%
14.05.2017,1.655,0,1.646,0,1.683,7,1.625,0,0,70K,0,55%
13.05.2017,1.646,0,1.559,8,1.647,7,1.476,0,1,11K,5,53%
12.05.2017,1.559,8,1.699,6,1.704,8,1.506,9,1,78K,-8,23%
11.05.2017,1.699,6,1.645,0,1.742,6,1.625,9,1,59K,3,32%
10.05.2017,1.645,0,1.581,9,1.650,0,1.561,7,1,20K,3,99%
09.05.2017,1.581,9,1.559,5,1.648,0,1.531,2,2,15K,1,44%
08.05.2017,1.559,5,1.457,9,1.559,5,1.454,1,1,59K,6,97%
07.05.2017,1.457,9,1.438,0,1.458,1,1.421,5,1,08K,1,39%
06.05.2017,1.438,0,1.421,5,1.445,0,1.414,1,1,05K,1,16%
05.05.2017,1.421,5,1.412,3,1.495,0,1.381,9,1,80K,0,65%
04.05.2017,1.412,3,1.397,3,1.514,4,1.343,7,2,75K,1,07%
03.05.2017,1.397,3,1.338,7,1.400,0,1.331,7,1,28K,4,38%
02.05.2017,1.338,7,1.318,3,1.368,1,1.313,2,1,44K,1,55%
01.05.2017,1.318,3,1.264,1,1.335,0,1.262,5,1,32K,4,28%
30.04.2017,1.264,1,1.243,3,1.267,1,1.206,8,0,63K,1,67%
29.04.2017,1.243,3,1.233,4,1.248,0,1.224,2,0,76K,0,81%
28.04.2017,1.233,4,1.238,1,1.260,0,1.197,6,1,42K,-0,38%
27.04.2017,1.238,1,1.188,7,1.244,8,1.179,5,1,14K,4,16%
26.04.2017,1.188,7,1.174,3,1.211,2,1.172,6,0,83K,1,23%
25.04.2017,1.174,3,1.164,7,1.179,0,1.160,0,0,71K,0,82%
24.04.2017,1.164,7,1.155,1,1.165,0,1.148,1,0,60K,0,84%
23.04.2017,1.155,1,1.158,4,1.164,0,1.150,9,0,51K,-0,29%
22.04.2017,1.158,4,1.163,8,1.164,3,1.147,2,0,38K,-0,46%
21.04.2017,1.163,8,1.150,9,1.172,4,1.150,9,0,64K,1,12%
20.04.2017,1.150,9,1.132,0,1.161,8,1.130,1,0,82K,1,67%
19.04.2017,1.132,0,1.124,8,1.132,0,1.116,2,0,65K,0,64%
18.04.2017,1.124,8,1.120,9,1.137,1,1.119,2,0,62K,0,34%
17.04.2017,1.120,9,1.115,9,1.127,9,1.108,2,0,31K,0,44%
16.04.2017,1.115,9,1.108,2,1.123,4,1.106,9,0,22K,0,70%
15.04.2017,1.108,2,1.110,3,1.151,7,1.069,4,0,16K,-0,19%
14.04.2017,1.110,3,1.108,5,1.127,0,1.094,1,0,34K,0,17%
13.04.2017,1.108,5,1.143,1,1.143,6,1.076,3,0,78K,-3,03%
12.04.2017,1.143,1,1.157,6,1.157,6,1.140,0,0,65K,-1,25%
11.04.2017,1.157,6,1.141,8,1.160,7,1.136,0,0,57K,1,38%
10.04.2017,1.141,8,1.142,8,1.150,0,1.135,0,0,53K,-0,09%
09.04.2017,1.142,8,1.118,9,1.148,0,1.111,0,0,38K,2,14%
08.04.2017,1.118,9,1.126,0,1.130,0,1.110,4,0,37K,-0,63%
07.04.2017,1.126,0,1.125,3,1.133,8,1.105,0,0,66K,0,06%
06.04.2017,1.125,3,1.062,0,1.132,4,1.062,0,0,91K,5,96%
05.04.2017,1.062,0,1.075,9,1.076,0,1.047,8,0,72K,-1,29%
04.04.2017,1.075,9,1.080,8,1.088,4,1.060,9,0,97K,-0,45%
03.04.2017,1.080,8,1.042,0,1.089,0,1.042,0,1,06K,3,73%
02.04.2017,1.042,0,1.026,3,1.049,0,1.015,0,0,52K,1,53%
01.04.2017,1.026,3,1.019,8,1.045,9,1.003,0,0,57K,0,63%
31.03.2017,1.019,8,975,2,1.023,9,975,2,0,96K,4,58%